#{"t_start": 1761694618.8859038, "env_id": "None"}
r,l,t
163.349121,323,0.602349
313.293705,320,0.806626
299.729238,320,1.013851
194.614509,323,1.212082
297.853861,323,1.410749
269.48059,320,1.608905
286.650397,320,1.808744
259.03419,320,2.010744
278.479443,320,2.210339
133.103436,323,2.413334
187.2599,320,2.607031
289.741909,320,2.805345
285.133608,320,3.003571
296.694612,320,3.200523
218.968558,323,3.394958
334.927223,320,3.591019
200.075706,323,3.785656
-233.837914,2700,6.71186
280.078661,320,6.924468
350.48353,320,7.122204
-305.335835,2700,7.825926
286.742573,320,8.0239
169.742004,323,8.22263
42.665182,323,8.419938
107.22152,323,8.616918
271.493732,323,8.815594
258.971149,323,9.012119
274.126442,320,9.211978
172.701328,320,9.410006
115.246114,323,9.607109
307.676421,320,9.803973
151.068992,323,10.000526
147.828849,323,10.198976
221.447971,323,10.398185
280.123901,320,10.597374
296.872664,320,13.057183
322.14317,320,13.271163
-227.645162,1881,13.801719
90.117154,323,13.997766
334.978981,320,14.19559
114.636566,323,14.392721
204.262573,323,14.589717
139.492284,323,14.789075
99.536833,323,14.986108
190.641038,320,15.184967
195.107611,320,15.383635
162.193615,323,15.581468
280.444023,320,15.779724
304.0585,320,15.974773
282.858336,320,16.175731
303.259727,320,16.374328
-75.757335,466,16.604772
102.89585,323,16.804752
239.361057,323,17.00181
308.136006,320,17.202501
272.088987,320,19.739423
97.687831,323,19.959407
64.991729,323,20.157673
314.200341,320,20.358543
-223.137882,2700,21.080445
253.290823,323,21.278453
264.956422,320,21.473527
360.146767,320,21.670773
265.009403,320,21.871334
316.005141,320,22.070555
359.832179,320,22.266789
-234.224372,2700,24.919976
230.994218,323,25.134409
128.026179,323,25.332925
228.341331,320,25.526712
211.566667,320,25.725591
287.317337,323,25.922993
197.134441,320,26.124182
210.848034,323,26.324214
-218.416863,2700,27.034877
308.055672,320,27.232616
327.691798,320,27.431674
114.066053,323,27.631274
172.048335,320,27.828197
164.515111,323,28.026192
-236.29605,2700,30.932632
290.764072,320,31.139655
270.614872,320,31.34786
232.769163,323,31.548874
155.560233,323,31.744628
180.073562,320,31.945212
303.560125,320,32.140477
290.268563,320,32.338929
243.887439,320,32.536633
288.778582,320,32.738085
187.574318,320,32.935467
311.06491,320,33.132766
-195.075791,2700,33.841283
137.381626,323,34.039582
301.195772,320,36.370695
-621.499236,2700,37.111253
262.271066,320,37.309194
325.666867,320,37.50501
184.603388,323,37.704329
314.853335,320,37.905343
-141.111359,2075,38.490237
341.961834,320,38.688692
221.576025,323,38.88554
-234.781851,2700,41.494506
311.504118,320,41.689305
153.04121,323,41.887895
291.888138,320,42.085404
230.071402,323,42.284052
192.956778,323,42.485262
304.698357,320,42.68147
-485.842363,2584,43.385962
265.974387,320,43.586866
285.315754,320,43.786108
228.705917,323,43.981887
252.193807,323,44.178409
333.541817,320,44.375419
118.122912,323,44.57491
233.702799,323,46.954268
-61.544539,2700,47.699399
186.584405,323,47.8982
279.298263,320,48.096803
71.993212,323,48.294911
-437.734108,2700,49.014233
251.575082,320,49.213764
348.772861,320,49.411416
240.981598,320,49.605184
212.603726,320,49.80438
183.864769,323,51.953925
-213.831577,2700,52.690419
-235.575689,2503,53.355892
301.441607,320,53.556051
129.750787,323,53.756169
220.723097,320,53.955685
286.851352,320,54.152838
-217.932926,1920,56.511206
170.368953,323,56.727637
-238.058189,2700,57.450306
-230.255493,1514,57.909684
269.047861,320,58.109327
126.717158,323,58.308433
193.566113,320,58.505585
-244.712479,2700,61.058337
353.791457,320,61.268711
310.884442,320,61.464006
236.089223,323,61.660605
86.790119,323,61.860142
142.26052,323,62.056503
104.659788,323,62.253722
100.632325,323,62.452393
199.924017,323,62.650818
301.150313,320,62.851242
210.786679,323,63.050118
188.204308,323,63.247632
93.792404,323,63.448013
206.155901,323,63.644215
352.750341,320,63.838363
255.90691,323,64.034077
163.4785,320,64.232055
285.084492,320,64.428761
246.479735,323,64.625555
-221.358986,2700,67.833723
303.830117,320,68.031807
374.349912,320,68.229132
125.238835,323,68.429977
239.275905,323,68.627877
205.069532,323,68.825248
-385.01901,2262,69.499957
278.969108,320,69.704764
206.793041,323,69.910375
166.635219,323,70.110909
134.509281,323,70.311431
261.657296,323,70.509129
340.826957,320,70.706121
-193.899651,1879,73.40792
296.822451,320,73.621679
-147.35274,1875,74.161235
-182.008944,2562,74.849132
261.029884,323,75.046574
-213.226966,2700,77.48866
-197.515298,1725,78.02272
168.947244,320,78.219931
336.689985,320,78.415055
218.399481,323,78.614021
218.649673,320,78.809823
273.831663,320,79.007654
245.236496,323,79.203552
320.013582,320,79.40014
247.417676,323,79.598745
158.825048,323,79.797341
346.367983,320,79.998701
290.413705,320,80.196784
-139.289082,939,80.53159
171.56278,320,80.729029
315.861361,320,80.926829
-198.453884,2700,83.964748
151.882806,323,84.164782
-297.94379,2004,84.729565
356.235804,320,84.929002
365.338858,320,85.128365
287.966725,320,85.323601
-247.113045,2700,86.04011
306.34426,320,86.241661
64.940383,323,88.336062
152.238782,323,88.568568
208.961207,323,88.763629
256.849218,320,88.962729
-438.073319,2700,89.679885
-333.655147,2700,90.398769
-224.97102,2700,92.947194
140.904232,320,93.148253
254.53243,320,93.345879
246.769015,320,93.545242
228.981206,323,93.743271
150.562617,323,93.941033
227.617816,323,94.138315
-228.211753,2700,94.848526
-249.219261,2700,97.472746
194.966612,323,97.693826
127.821231,323,97.892407
188.043042,323,98.091988
345.017043,320,98.291892
322.564589,320,98.524175
-148.04113,2700,99.233786
229.96961,323,99.431535
-235.234273,2700,100.146684
-176.002593,2700,102.918667
203.264276,323,103.117562
322.111348,320,103.315621
347.635248,320,103.515821
-234.883558,2700,104.223769
158.783847,323,104.425021
-297.708807,2700,106.981421
-103.101767,1290,107.389672
296.954661,320,107.587898
247.104265,323,107.786853
326.939744,320,107.985653
183.597829,320,108.184754
205.246539,323,108.381103
320.428675,320,108.581934
177.682843,323,108.781185
298.299334,320,108.975277
102.315955,323,109.173016
-255.543514,2158,109.768564
158.603705,320,109.967079
94.38089,323,110.166283
325.823912,320,112.58826
244.266276,320,112.823799
179.682203,323,113.02146
199.770702,323,113.21793
-95.942558,1322,113.636947
125.865697,323,113.832754
103.768713,323,114.031086
266.680588,323,114.226022
316.559704,320,114.42119
198.679529,320,114.616482
-231.405395,2700,115.324439
-213.390835,2700,118.15502
331.844934,320,118.354218
278.278723,323,118.552382
323.728725,323,118.746587
290.302418,323,118.942512
-268.003612,2400,119.587001
290.243605,320,119.786577
167.420414,323,119.981208
324.968081,320,120.180148
286.514887,323,120.377102
-298.824018,2700,123.140115
-128.631408,2700,123.848865
314.896196,320,124.04665
-269.208743,2494,124.719993
189.758487,323,124.915366
252.027195,323,125.111809
-200.68797,1745,127.495655
-347.636337,2700,128.214463
230.692627,323,128.417301
175.840927,320,128.616974
355.972553,320,128.815519
-332.763528,2700,129.532235
66.142943,323,129.728262
321.064277,323,129.925691
334.934528,320,130.131445
256.100619,323,132.322321
323.954009,320,132.553526
192.742368,323,132.7501
-330.456349,2700,133.457382
200.01839,323,133.653315
346.339789,320,133.848528
-135.376853,2700,134.563931
184.041835,323,134.762652
148.830808,323,134.962664
293.774322,320,135.157564
314.736733,320,137.39922
-460.672936,2630,138.128019
327.715311,320,138.326833
352.655652,320,138.524455
277.713458,320,138.724529
-204.007282,2700,139.438046
317.914977,320,139.635278
287.356729,320,139.834802
271.034867,323,140.029657
232.649617,320,140.229762
302.758008,320,140.426532
296.699682,323,142.691677
77.517259,323,142.927869
189.325845,323,143.123192
242.628168,323,143.321672
200.796445,323,143.516815
-183.269761,2700,144.218841
-257.153234,2700,144.92581
-221.68139,2700,147.542811
329.904972,323,147.737606
241.379534,323,147.934439
337.009103,320,148.131135
-119.193727,2700,148.834387
218.075096,323,149.033204
172.937015,323,149.266369
291.150388,323,149.462236
-209.305556,2700,152.142803
157.723907,323,152.341416
-142.361311,2700,153.059157
330.974828,320,153.256015
302.41278,320,153.452455
263.616601,320,153.648805
-243.910959,2700,154.358014
216.604537,320,154.552302
-175.849972,2700,157.243916
332.645558,320,157.441122
207.343335,323,157.637972
241.156841,323,157.832917
295.551192,320,158.029533
140.682352,323,158.225244
-56.732996,1438,158.666395
60.015388,323,158.862836
288.450243,320,159.060115
-281.654973,2700,161.848718
271.799384,320,162.055315
234.616175,320,162.249431
-212.651718,2700,162.973024
338.658487,320,163.172611
333.689116,320,163.370379
286.191046,323,163.568027
304.152757,323,163.763228
264.794597,320,163.961746
251.28714,320,164.161237
-231.730334,2700,166.965552
169.172614,320,167.20343
-169.716442,2593,167.899742
285.078409,320,168.100542
230.934042,323,168.298584
-251.081125,2700,169.003466
-95.589832,1567,171.319538
-328.254928,2700,172.101301
143.496369,323,172.30057
295.088404,320,172.497537
-409.837566,2700,173.220799
-361.468809,2700,175.776326
301.701791,320,175.999763
220.416558,323,176.198429
-274.864821,2700,176.919113
-202.936138,2700,177.635622
269.228561,320,177.832045
-247.596788,2643,180.475279
212.309544,323,180.68501
356.111154,320,180.886823
319.09124,320,181.086592
270.642718,320,181.285855
226.75516,323,181.486031
260.468324,320,181.685355
372.245228,320,181.881192
283.985318,323,182.078848
283.761484,320,182.275939
275.764406,320,182.476623
257.216873,320,182.670264
187.996309,323,182.868435
-156.2168,2700,185.856582
321.165652,320,186.124061
-275.36966,2485,186.818612
274.629714,320,187.01713
304.704157,320,187.212857
271.955639,323,187.409859
235.15802,323,187.607065
162.507738,323,187.802051
355.517285,320,188.000561
320.711605,320,188.198009
242.15572,323,188.398933
285.301628,320,188.598996
-201.173207,2700,191.623665
232.962882,323,191.880384
156.952481,323,192.097565
305.004794,323,192.30117
209.569,323,192.500757
268.978676,323,192.699522
110.073323,323,192.89968
133.474625,323,193.100883
318.560474,320,193.33421
336.501468,320,193.53506
-180.738862,2700,194.251027
203.115572,323,194.446576
126.375839,323,194.646248
205.83317,323,194.846161
151.74443,320,195.046187
359.640927,320,195.242751
-62.87128,2700,198.730985
250.210584,320,198.942712
-161.207208,2700,199.658951
352.266647,320,199.855932
233.174465,320,200.055425
272.948603,320,200.254765
218.301373,323,200.454111
263.54147,320,200.652068
280.432926,323,200.85502
151.941957,320,201.053285
-212.311597,2700,204.220552
203.302369,323,204.429257
333.913754,320,204.630635
301.336753,320,204.828163
-314.871417,2700,205.552813
360.724621,320,205.749826
282.570045,320,205.949492
186.280906,323,206.148684
235.573472,320,206.346274
287.60004,320,206.543348
296.441308,320,206.739379
251.242215,320,206.938746
163.650807,323,209.648573
234.727675,320,209.944068
244.173524,320,210.173128
76.958985,323,210.385964
198.179958,323,210.589443
-310.021662,2530,211.269467
79.576548,323,211.47018
245.80793,323,211.669129
254.595993,323,211.864809
-261.003305,2700,212.579309
213.927456,323,212.776208
168.69371,323,215.503419
209.215271,320,215.793171
219.437395,323,216.027179
202.986211,323,216.244696
158.19165,323,216.449069
317.709615,320,216.648214
262.902706,320,216.844464
288.913991,320,217.041819
186.737828,320,217.239669
192.364424,320,217.435643
364.313777,320,217.629271
200.052176,323,217.826813
268.453931,323,218.024399
-388.579043,2700,218.723078
102.996708,323,218.925773
55.680428,323,219.122853
323.538243,320,219.322484
257.311442,320,222.59796
235.243347,320,222.914794
339.65676,320,223.164892
-277.650494,2700,223.931665
-341.136914,2700,224.640714
247.134133,320,224.837663
-159.09596,2700,227.986942
292.38972,320,228.248154
327.48249,320,228.478601
339.212806,323,228.693978
196.741651,323,228.901865
191.99195,323,229.106652
-165.889109,2700,229.821248
224.256765,323,230.017267
280.108882,320,230.215069
324.31416,320,230.41354
281.893622,320,230.612517
262.138345,320,230.807421
126.221602,323,231.002146
-239.823328,2199,234.584092
-175.178515,2700,235.395909
-233.605574,2700,236.117539
336.394049,320,236.313184
152.561391,323,236.513912
293.413465,323,236.710172
-297.089058,2700,240.016093
318.813623,320,240.245714
-303.37693,2700,241.001029
294.624964,320,241.200039
327.978486,320,241.398236
303.832991,320,241.594523
-279.44658,2700,244.842349
250.678998,323,245.118516
300.305597,320,245.357026
186.637348,323,245.579724
-167.310313,2700,246.31787
297.34665,320,246.515115
185.309112,323,246.718219
301.693282,320,246.916287
-239.737269,2700,250.226154
288.645003,320,250.589914
174.788501,323,250.866137
213.88147,323,251.105468
366.467503,320,251.328093
-210.724143,2700,252.066791
349.263997,320,252.268164
252.176209,323,252.463564
285.969781,320,252.658013
212.06022,323,252.853228
125.223566,323,253.048727
102.22024,323,253.247286
301.532142,320,253.442925
301.244017,320,253.638015
287.810676,320,253.833609
256.650608,323,254.028361
227.104303,320,254.223626
34.468553,323,254.418639
311.129635,320,258.072052
359.331833,320,258.426523
-180.134049,2700,259.286649
275.764272,323,259.493683
-148.166459,2700,260.215293
258.541874,320,260.411474
52.174736,323,260.60802
-162.160982,2700,263.915078
346.634417,323,264.174233
183.445967,320,264.409774
186.148924,323,264.632087
166.590873,323,264.848552
276.354815,320,265.054913
308.560551,320,265.259288
-206.386325,2700,265.97963
220.03828,323,266.176812
225.703,323,266.37764
-279.9773,2054,270.032875
258.522749,320,270.340983
311.566495,320,270.587563
173.733234,323,270.816081
168.820316,323,271.036178
263.402466,320,271.251404
117.393971,323,271.458275
347.395929,320,271.65985
291.047153,323,271.85744
270.13173,320,272.053751
177.709816,320,272.250666
-238.63292,2700,272.959676
215.31267,323,273.156763
98.527912,323,273.354615
122.850165,323,273.555248
-226.482746,1376,277.46439
-216.928435,2700,278.349481
347.192046,323,278.566378
272.638543,323,278.767604
305.425875,320,278.966516
329.372471,320,279.16549
276.525023,323,279.364044
-180.99605,2314,279.998145
241.115093,323,280.194095
-171.422616,2700,283.867563
248.698565,323,284.098335
260.739892,320,284.319728
352.288356,320,284.531042
277.966319,320,284.735815
273.964514,320,284.936111
210.655306,323,285.132421
168.798377,320,285.334195
123.686977,323,285.534089
278.278232,323,285.732799
234.635859,323,285.93016
293.664367,320,286.125802
287.607952,320,286.321724
287.05747,320,286.517288
272.650726,320,286.716497
355.550622,323,286.912182
209.129261,323,287.10977
233.808585,320,287.304139
282.813578,320,290.996691
326.801575,323,291.358117
304.097011,323,291.633067
-192.135418,2700,292.428381
110.521434,323,292.632601
285.019981,320,292.830573
136.491998,323,293.030043
354.543603,320,293.230796
274.59635,320,293.42847
260.702433,323,293.624785
283.251544,320,293.820543
285.420704,320,294.018272
338.037018,320,294.215608
161.555825,320,294.414168
202.647224,323,294.611591
309.525393,320,294.811766
279.004672,320,295.011431
181.842604,323,295.208293
325.729363,320,298.824598
345.601599,323,299.184798
174.929264,323,299.458455
183.847212,323,299.694114
320.057813,323,299.922281
277.261605,323,300.139716
127.166628,323,300.350024
253.961143,320,300.553497
-361.777977,2547,301.225486
-206.875592,2700,301.949595
189.176118,323,302.148506
242.583074,323,305.15669
315.06138,320,305.514813
298.829983,320,305.791912
171.190076,323,306.026056
192.556914,323,306.247273
-189.139823,1944,306.822534
340.320914,320,307.020487
-313.977831,2700,307.735498
173.787567,323,307.934163
167.961507,323,308.131625
-312.131957,2700,311.810223
201.932129,323,312.053569
329.099795,320,312.276066
-206.529054,2700,313.028957
-346.655787,2700,313.737487
200.772367,323,313.935207
164.153758,323,316.592186
262.703131,323,316.950447
203.513045,320,317.223985
228.537057,323,317.458635
270.514261,320,317.680881
223.308134,323,317.895563
291.942794,320,318.096551
-68.541004,960,318.43558
247.750712,320,318.63343
279.896565,320,318.833421
220.762615,323,319.031299
-248.217547,2700,319.749958
84.844902,323,319.94672
253.341358,323,320.143542
242.446045,323,320.339631
213.232953,323,323.636728
293.43867,320,323.987921
292.547492,320,324.257517
163.712079,323,324.490902
245.403662,323,324.708553
257.873395,323,324.923178
202.247756,323,325.129835
196.346411,323,325.326354
342.411977,320,325.525273
299.368172,323,325.723163
194.529598,323,325.92037
296.773911,320,326.11906
225.940803,323,326.316037
305.865352,320,326.516117
246.605736,320,326.714247
289.54018,323,326.911775
277.058868,323,327.106222
260.901082,320,327.301865
250.783359,323,327.498466
-189.106206,2222,328.0953
-352.549296,2700,332.419413
276.273213,320,332.64114
256.185212,323,332.848751
154.581755,323,333.049482
148.845009,323,333.248958
246.260059,323,333.446137
318.955052,323,333.640916
-149.655985,2700,334.351934
328.668604,320,334.550977
283.79035,320,334.746488
173.007739,323,337.515931
194.690256,323,337.853796
298.762779,323,338.111697
328.755393,320,338.339746
324.524765,320,338.559504
296.925927,320,338.771869
266.700479,323,338.975411
169.753555,323,339.175678
344.356086,320,339.373653
200.682888,323,339.571609
230.453075,323,339.769301
185.796057,323,339.967937
358.951194,320,340.16436
235.989432,320,340.360921
360.069199,320,340.557389
372.659811,320,340.754463
-391.542665,1889,341.298402
294.677448,320,341.497179
172.917887,323,341.692971
346.059757,320,341.889751
303.324247,320,345.440361
182.495828,323,345.784549
281.111852,320,346.043822
238.303165,323,346.269588
135.515814,323,346.491511
-216.628193,2700,347.218224
-189.441903,2700,347.943448
152.67029,323,348.142265
209.396377,323,348.33844
169.699752,323,348.536789
208.6938,323,348.741805
219.218842,323,351.558678
-177.65084,2700,352.51502
359.772869,320,352.729642
205.797686,320,352.93047
-313.24746,2700,353.644713
218.77958,323,353.8406
170.388812,323,354.039046
329.526154,320,354.236153
246.829437,320,354.432842
-199.131249,2700,357.820765
-135.302672,2700,358.607727
90.988087,323,358.813205
200.480028,320,359.007996
241.957555,320,359.205387
173.059406,323,359.400986
156.695512,323,359.59569
363.267831,320,359.78917
348.940494,320,359.986249
265.473101,320,360.185978
189.275158,323,360.383966
347.955254,320,360.582698
223.295317,323,363.533668
209.292669,323,363.859296
211.660439,323,364.108011
70.500596,323,364.331915
148.407773,323,364.546339
263.51519,320,364.754116
178.03161,323,364.953687
205.862259,323,365.151551
-152.732453,2700,365.864856
204.864192,323,366.063792
151.629107,323,366.262996
265.137143,320,366.458724
256.569371,320,366.654896
-181.423121,2700,370.290311
293.569322,320,370.542888
-172.821241,2700,371.297878
68.932198,323,371.497102
-209.001349,2700,372.221188
-306.547245,2700,375.234033
92.636987,323,375.470829
193.150576,323,375.690874
171.08638,323,375.902455
244.533234,320,376.10827
166.133113,320,376.305302
282.112099,320,376.503099
161.02962,323,376.6994
177.231094,323,376.898524
237.81666,323,377.095208
-141.761021,2700,377.801646
-298.270481,2700,381.330126
-175.219934,2700,382.108268
-317.991732,2700,382.835588
-245.751754,2700,385.710758
-252.167528,2700,386.474783
259.564108,320,386.673365
181.023566,323,386.873569
208.756053,323,387.069393
-139.595492,1694,387.575435
311.773112,320,387.770191
92.388098,323,387.965889
312.065435,320,390.529684
-269.082755,2700,391.482123
254.822757,323,391.692184
163.153195,323,391.895113
-225.387988,2700,392.608949
144.817225,323,392.809492
244.595861,323,393.004084
220.874247,323,393.200866
-249.626387,2700,396.566781
-282.40036,2700,397.348027
252.136609,323,397.548911
205.469061,323,397.745135
201.117599,323,397.941758
166.783102,323,398.13568
-205.082072,2700,401.15305
302.963371,320,401.456453
219.909418,323,401.697009
211.008029,323,401.917035
342.329281,320,402.129728
218.01615,323,402.33315
-350.72617,2700,403.038597
104.665474,323,403.244686
-211.83918,2700,403.958767
335.264181,320,404.15529
343.035455,320,406.815531
154.702416,323,407.127027
244.204611,323,407.368394
301.5671,320,407.592528
248.576167,323,407.803424
298.695269,320,408.003274
149.645399,331,408.208528
342.755107,320,408.406782
-83.010664,2700,409.131716
-243.012091,2700,409.836508
149.861274,323,412.512125
185.644647,320,412.827898
265.313265,320,413.077188
-186.971367,2700,413.855299
294.677988,320,414.053267
291.692296,320,414.251922
231.173771,320,414.453615
146.01515,323,414.649959
-145.803527,2700,415.35002
179.330752,323,415.548863
-426.868018,2700,418.883345
235.664616,323,419.102817
255.477799,320,419.315354
289.299906,320,419.518487
256.986207,323,419.718423
-222.606277,2700,420.445678
257.98581,320,420.64355
341.091689,320,420.843246
-296.045088,2700,424.118616
135.818832,323,424.351099
344.523959,320,424.567947
158.63533,323,424.776259
95.817378,323,424.979557
-270.921795,2700,425.698469
235.127242,323,425.896013
301.710763,320,426.090862
309.547003,320,426.286849
276.922871,320,426.486127
293.185947,320,426.684624
-153.998047,2700,430.106424
141.106127,323,430.334161
210.718112,323,430.545359
173.585431,323,430.747564
329.937965,320,430.946041
281.740679,320,431.146079
143.526873,323,431.345126
163.884178,320,431.543801
241.973946,323,431.739418
-137.103419,2700,432.444014
260.049393,320,432.640779
184.565272,323,432.837512
138.504625,320,433.035122
352.324835,320,435.929832
304.668377,320,436.237911
181.277675,320,436.479125
185.531288,323,436.694751
-312.499323,2700,437.420079
79.499769,323,437.616666
230.994164,323,437.811351
203.075599,323,438.008598
-278.173228,2700,438.726963
-218.464034,2700,442.004028
176.462232,323,442.224195
241.508732,320,442.436178
283.626468,320,442.637364
300.011601,320,442.832889
164.973505,323,443.030199
84.809534,323,443.226292
160.671791,320,443.421764
306.46856,320,443.621921
44.309132,323,443.816606
241.239761,323,444.013273
298.891936,320,444.209549
220.829623,320,444.406145
266.501364,320,444.602345
313.993214,320,444.799765
206.197345,320,444.995661
-110.216918,2700,448.785694
211.708653,323,449.010487
-235.870482,2700,449.758492
194.772413,323,449.95801
216.142518,320,450.158205
-323.637192,2700,450.863417
237.076753,323,453.222731
-69.188472,2700,454.141445
239.166051,320,454.345061
-110.117523,2700,455.061057
287.803501,320,455.257108
-304.52283,2700,458.222207
232.339961,320,458.472569
276.871642,320,458.691904
235.394052,320,458.904287
272.211431,320,459.110124
250.421174,320,459.310874
112.262969,323,459.508185
-172.845457,2700,460.243539
286.742108,320,460.441247
300.966829,323,460.636783
152.284182,323,460.836532
-96.299466,2700,464.173405
-38.511279,2700,464.976237
181.457517,323,465.174137
194.781136,323,465.372101
157.959016,323,465.569317
191.183657,323,465.76586
279.61108,320,465.962313
329.715419,320,466.156665
-152.968417,2700,469.164315
170.240455,323,469.460063
307.640784,320,469.693544
266.688829,320,469.909872
-318.389419,2700,470.6291
-289.744561,2700,471.333044
360.60527,320,471.531899
287.651523,320,471.727696
317.005044,320,471.926588
-341.504316,2700,475.113582
262.94474,320,475.332229
149.112917,323,475.538443
-254.116083,2700,476.25285
-174.921868,2700,478.976233
225.5129,323,479.28689
230.613606,323,479.525274
302.702379,320,479.747767
170.585022,320,479.957233
-240.61106,2700,480.669368
193.696997,320,480.870827
-187.960498,2700,481.588144
-180.371142,2700,484.715582
242.357675,320,484.939815
-306.125666,2700,485.668986
241.41597,320,485.868536
240.944899,320,486.068861
186.570819,323,486.265504
319.769735,320,486.462918
260.511153,320,486.664867
157.047536,323,486.866446
280.885927,320,487.061002
223.844346,323,487.259499
112.970701,323,487.459614
258.171778,323,487.658594
217.723645,323,490.546496
167.062733,323,490.85299
212.281923,323,491.09172
331.243662,320,491.308327
-95.87504,2700,492.037295
311.493834,320,492.235835
353.769344,320,492.431407
237.393705,323,492.630098
275.850844,320,492.828144
-332.310063,2700,493.538465
97.991527,323,496.196574
312.687524,320,496.505963
324.181422,320,496.749375
236.23667,323,496.968237
222.694836,320,497.176304
212.389193,323,497.375508
318.28673,320,497.570136
277.269308,320,497.769827
316.15114,323,497.966321
315.619406,320,498.163364
268.875982,320,498.35865
240.076644,323,498.553941
194.254396,323,498.750415
204.439111,323,498.947375
218.872974,323,499.14551
241.384714,323,499.342399
192.424101,323,499.538797
304.027927,320,499.734915
216.728867,320,499.933208
366.573417,320,500.128142
152.704825,323,500.325639
305.503826,323,500.522321
261.19286,323,500.719254
236.07026,323,500.924776
294.207943,320,501.122808
257.760147,323,504.821199
306.455372,320,505.138003
330.793323,320,505.379802
-403.504588,2700,506.146906
296.926792,320,506.343505
-228.124267,2700,507.049447
335.937766,323,507.246876
232.731423,323,507.443189
193.759305,323,507.639694
211.640907,320,507.835001
212.146335,323,508.030028
204.329419,323,510.728226
297.413633,320,511.032795
193.489789,323,511.271247
156.366427,323,511.495257
-168.244988,2700,512.212963
233.387043,323,512.410871
202.381153,323,512.609539
124.916154,323,512.808252
263.600303,320,513.005096
102.20758,323,513.199946
-244.708024,2700,516.317836
320.492604,320,516.631223
241.225228,320,516.872462
171.448437,320,517.096176
272.531956,320,517.303729
203.241701,323,517.50545
156.30786,323,517.703799
295.269327,320,517.903282
307.234326,320,518.10006
197.360847,323,518.298952
227.874789,323,518.495315
128.316652,323,518.689861
205.705844,323,518.886728
279.612231,320,519.083732
225.647908,323,519.283326
-269.652394,2700,520.009553
-97.725717,1153,523.229725
257.081009,320,523.515061
-258.845924,2700,524.296948
271.981759,320,524.493836
305.468478,323,524.691949
-401.016111,2700,525.415374
214.255687,323,525.611851
360.130542,323,525.808643
97.953945,323,526.003277
-106.969934,2700,529.263837
261.584641,323,529.478255
-247.940508,2700,530.203747
285.955304,320,530.401121
190.41621,323,530.598218
291.265331,320,530.794625
239.509322,320,530.991908
168.744261,320,531.19123
284.704872,320,531.385424
156.540531,323,531.583734
209.201708,323,531.778256
-207.766552,2700,535.075184
231.407352,323,535.288092
323.165743,320,535.488592
253.014425,320,535.685517
224.369795,320,535.886513
239.279408,323,536.082886
-242.682795,2700,536.782517
286.693029,320,536.978891
301.80354,320,537.176519
-364.577904,2700,540.350071
298.166533,320,540.576566
298.050331,320,540.781681
223.604392,323,540.988515
235.572726,323,541.185934
211.98492,323,541.385679
221.028181,320,541.582268
339.240594,323,541.78132
61.796309,323,541.979792
-275.656814,2700,542.690761
363.052673,323,542.887108
130.781814,323,543.086264
235.158077,320,545.825728
237.891075,320,546.131923
161.448417,323,546.366634
255.90206,320,546.58673
178.220083,320,546.80471
188.998112,323,547.00703
178.982677,323,547.202298
-121.426377,2700,547.899067
251.766046,323,548.097201
205.678072,323,548.294289
278.312811,320,548.492852
209.841253,323,548.692476
193.023804,323,548.899415
171.674701,320,549.097974
327.511072,320,549.293158
200.160895,323,549.491053
199.75728,323,549.6897
45.682054,323,549.884992
70.663644,323,553.024395
252.328993,320,553.322806
224.231108,320,553.553773
167.031493,323,553.769999
-38.880733,2700,554.496797
224.342545,323,554.694285
-176.134712,2700,555.426691
292.831895,320,555.62298
-97.352543,2700,558.828046
194.626153,320,559.047448
-188.070403,2700,559.778671
187.096689,323,559.979609
273.293128,323,560.179023
-163.092602,2700,562.977087
178.62568,323,563.292507
99.291434,323,563.536206
290.594454,320,563.754152
246.84568,320,563.964811
-209.377491,2700,564.681272
-366.451408,2700,565.396554
268.923752,323,565.593029
256.447939,320,565.788574
314.267552,320,565.986012
273.048954,320,566.186273
218.836602,323,568.837437
145.164122,323,569.133176
180.088301,323,569.360191
171.952932,323,569.579667
-172.016263,2700,570.296362
192.950148,320,570.497095
215.354816,323,570.694804
243.523683,323,570.894004
218.415292,323,571.092073
329.264221,320,571.287304
186.370001,320,571.488302
-255.358333,2700,574.705645
145.560144,323,574.977998
244.383601,320,575.199807
127.945977,323,575.413804
184.77436,323,575.617173
267.122161,320,575.814214
238.865929,320,576.011359
34.639013,323,576.209724
291.263115,323,576.407709
-163.82661,2700,577.114857
278.81576,323,577.314162
259.37961,323,577.513455
294.797737,320,577.712897
151.640881,323,577.906763
-87.04394,737,578.201254
296.649548,320,581.061315
232.292196,320,581.371024
-220.807721,2700,582.174297
179.327696,323,582.373242
161.194525,323,582.575312
297.348828,320,582.772633
246.734642,320,582.969479
291.718951,323,583.168349
194.955345,323,583.368109
268.701427,320,583.565399
329.000927,320,583.767446
318.034816,320,583.961665
156.864527,323,584.160324
259.676256,320,584.359103
189.42486,323,584.556501
248.444253,320,584.795898
270.996273,320,584.99538
156.710931,320,585.192796
289.356936,320,588.301909
239.186318,320,588.609686
167.552496,323,588.849016
237.284736,323,589.064565
220.480392,320,589.272735
-354.773204,2700,589.988299
271.932672,320,590.188238
230.849813,323,590.387295
245.56907,323,590.582852
183.85998,323,590.783113
350.038087,320,590.978624
324.956483,320,591.174406
116.042757,323,591.374733
322.460969,320,591.569945
196.515904,323,591.766408
211.120686,323,591.965861
197.651092,320,592.166422
217.811283,323,592.36466
-136.46081,2700,596.101201
303.495065,320,596.30785
198.737691,323,596.509656
227.907404,323,596.705732
286.412786,323,596.904628
153.864222,320,597.10299
372.035231,323,597.301127
313.36579,320,597.499079
222.487409,320,597.698852
284.107061,323,597.894967
244.598354,323,598.091999
284.271328,323,598.28996
339.395029,323,598.48552
-294.370562,2700,601.865247
-119.306943,2700,602.647282
-178.420737,1210,603.036386
164.71446,320,603.23516
276.016193,320,603.434263
-260.235989,2118,604.003804
-194.778734,2700,607.071691
179.130224,323,607.290491
-335.499263,2700,608.032226
294.072615,320,608.229424
182.917943,323,608.426051
281.015918,323,608.623715
320.915865,320,608.822789
202.289635,323,609.02149
231.893546,323,609.217323
162.900497,323,609.414578
190.416231,323,609.616173
259.408384,320,612.262842
-147.105702,2700,613.161417
124.267243,323,613.365209
122.586624,323,613.563833
281.743243,320,613.764778
-169.162431,2700,614.476381
-455.35346,2700,617.368124
161.399238,323,617.606481
-260.469603,2700,618.366233
176.94482,323,618.566401
264.715168,320,618.764492
201.653786,323,618.961823
275.030084,320,619.157166
249.780234,323,619.356906
-232.924163,2700,622.359346
123.749804,323,622.654727
263.49973,323,622.888118
245.204105,323,623.104956
266.062389,320,623.30815
-89.212013,2700,624.028407
173.296465,323,624.226701
275.139075,320,624.422625
222.086063,323,624.619244
86.797559,323,624.816087
236.019659,320,625.016087
240.365413,320,625.217054
263.317264,320,625.416143
226.83515,323,625.613664
292.086314,320,625.809632
212.087733,323,626.005644
225.198992,320,626.203634
249.967594,320,629.274811
-256.454511,2700,630.187867
157.011359,320,630.393443
212.397923,320,630.590688
297.384051,323,630.787481
-217.702143,2700,631.51396
352.102661,323,631.713319
270.561423,323,631.910991
232.681513,320,632.110082
-360.618416,2700,635.266026
-317.513807,2700,636.00962
-130.678141,2700,636.719281
205.1189,323,636.917951
131.526879,320,637.113868
-13.825282,2700,640.087879
172.923641,320,640.308372
244.338826,320,640.512203
-31.943732,2700,641.238328
-292.483287,2700,644.036209
175.316986,323,644.308201
-386.356087,2700,645.091268
149.343412,320,645.288183
214.231809,323,645.48357
255.984867,320,645.682357
145.421215,320,645.88247
200.48157,323,646.080334
152.849933,323,646.278829
333.544768,323,646.474172
195.261426,320,646.673343
187.580523,320,646.874183
322.974342,320,647.073245
127.435419,323,647.271736
290.240864,323,647.468205
211.93677,320,647.665908
186.032496,323,647.861457
213.86352,323,650.930527
243.773883,323,651.226038
264.976,323,651.452908
219.665117,323,651.668958
195.325875,323,651.871997
-89.635292,2700,652.59136
129.030782,323,652.791383
244.696449,323,652.988148
255.231881,320,653.186859
247.545765,320,653.387032
214.572132,323,653.585883
117.218608,323,653.785047
357.699303,323,653.983513
275.749796,320,654.178447
238.948523,320,654.375715
319.558422,323,654.571914
257.043541,320,654.771809
276.138767,320,657.814577
213.236535,320,658.129155
-289.553138,2700,658.914734
-193.930034,2700,659.629625
159.90998,323,659.835661
150.948151,323,660.033439
340.50902,320,660.230437
172.529692,323,660.42894
263.064372,320,660.627324
240.614596,323,660.831358
189.600178,320,661.030049
251.348251,320,663.662614
202.112499,323,663.957143
233.453458,320,664.186709
251.770619,320,664.408397
224.61136,320,664.61394
290.368037,323,664.810115
237.321699,320,665.009643
277.43979,323,665.204289
164.540252,320,665.40077
186.644075,323,665.599153
298.405648,323,665.794942
90.363582,323,665.993038
198.433607,323,666.191613
136.262497,323,666.389219
252.110961,320,666.587154
-136.101636,2700,667.311628
207.326757,320,667.507727
277.284046,323,667.706272
209.56249,323,670.909303
245.254926,323,671.204497
234.941464,320,671.43837
380.272883,323,671.654644
215.356661,323,671.860946
235.13323,320,672.063409
345.816983,323,672.259575
211.815847,323,672.456014
177.898543,320,672.655997
260.586938,323,672.854269
291.966705,320,673.049158
322.962172,320,673.24693
382.603473,323,673.445429
257.12778,320,673.641193
324.552279,323,673.839504
177.268034,320,674.036361
190.571332,323,674.236388
221.412135,323,674.435089
-139.276301,2700,678.064232
251.310599,320,678.348874
341.14335,323,678.576688
236.514758,320,678.794929
204.741264,320,678.999341
254.106087,323,679.196661
231.79341,323,679.393608
-215.937876,2700,680.093291
169.838013,323,680.294554
317.782077,320,680.49203
397.158086,323,680.688073
237.665652,323,680.892878
186.661472,323,681.091791
169.795351,320,681.287318
-327.648618,1842,684.526455
-108.057559,2700,685.334461
209.612754,323,685.534115
252.27521,323,685.731702
124.148868,323,685.929665
219.493646,323,686.126507
186.529753,320,686.322858
210.199044,323,686.519625
306.107991,320,686.71795
327.470496,320,686.91451
287.79836,320,687.112667
-217.590715,2700,690.358034
-270.375981,2700,691.157763
370.066537,323,691.358348
250.933476,323,691.557755
-232.784645,2700,692.281903
-344.513739,2700,695.138862
209.708896,323,695.365197
252.552634,320,695.579324
126.65485,323,695.784429
343.35169,320,695.982954
-209.979592,2700,696.708718
-228.252981,2700,699.507789
-365.112489,2700,700.408557
258.837174,320,700.609627
-250.55603,2700,701.318672
-106.713588,2700,704.075907
-37.402501,2700,704.929745
307.467677,320,705.130553
267.080907,320,705.331403
227.900797,323,705.529731
353.604823,320,705.728562
215.603952,323,705.926794
213.706597,323,706.127972
337.524142,323,706.32563
228.301897,323,706.527847
292.984506,323,706.727083
345.295107,323,706.927364
363.688673,323,707.12347
285.717799,320,707.318919
