#{"t_start": 1761782181.083617, "env_id": "None"}
r,l,t
-54.592857,431,0.547464
-55.528571,454,0.778344
-132.557143,388,0.995936
-120.278571,377,1.203724
-63.0,341,1.405461
-4.285714,386,1.616741
-126.057143,388,2.760798
-93.778571,397,3.005161
-122.25,443,3.229091
-94.278571,373,3.440705
-40.5,349,3.651229
-115.8,452,3.879607
-76.828571,400,4.09728
-80.028571,411,5.247345
-126.278571,389,5.485084
-69.157143,371,5.696096
-107.507143,384,5.910915
29.235714,341,6.113712
-22.828571,384,6.325643
-144.557143,405,6.542014
-104.0,335,7.682166
-36.528571,472,7.941658
-100.242857,470,8.173979
-130.778571,398,8.390005
-75.0,349,8.597284
-110.371429,355,8.805004
-89.435714,350,9.014715
-0.5,352,10.142579
-130.778571,356,10.383507
-16.042857,418,10.604316
-139.278571,359,10.812016
-79.828571,375,11.021021
-20.978571,391,11.236806
-100.264286,407,11.454477
-103.0,403,12.619851
25.0,341,12.85991
-1.114286,421,13.087462
-73.0,352,13.296415
-166.835714,403,13.514961
-42.778571,379,13.726618
2.457143,399,13.942626
6.428571,364,15.055674
-112.478571,429,15.314436
-3.028571,420,15.533532
-161.978571,448,15.758568
-39.478571,439,15.978842
-112.607143,370,16.187014
-82.807143,401,16.404085
-91.5,414,17.625349
-109.0,399,17.868943
-86.778571,379,18.07991
-58.5,352,18.287274
-131.685714,408,18.505651
-112.664286,435,18.729954
-155.557143,372,18.941617
-77.7,387,20.101955
-93.557143,353,20.336676
1.442857,376,20.551707
-85.978571,409,20.768615
-60.335714,397,20.981276
-19.764286,375,21.190711
-92.521429,460,22.28948
-85.364286,445,22.556168
-44.821429,420,22.782959
-117.914286,398,22.997525
-34.264286,362,23.205851
-98.014286,468,23.436648
-46.528571,469,23.666448
-98.264286,379,24.85166
-131.35,388,25.095895
-45.521429,433,25.320138
-105.057143,401,25.536431
-61.4,417,25.75653
11.128571,429,25.980169
-49.542857,383,27.097955
-119.778571,389,27.350199
-120.778571,391,27.563047
-100.978571,399,27.778675
-123.828571,443,28.004062
-91.171429,412,28.223493
-70.042857,416,28.442707
-145.764286,399,29.622805
-8.071429,350,29.868782
-89.828571,374,30.079796
-55.278571,371,30.289651
-120.828571,391,30.500588
10.957143,385,30.713728
-77.5,358,30.921785
-70.028571,491,32.126598
-83.5,341,32.362125
-22.057143,412,32.581923
-159.271429,408,32.800912
-96.542857,419,33.016669
-149.321429,362,33.223658
-72.0,360,33.433492
33.471429,422,34.63216
-90.364286,469,34.901464
-90.721429,370,35.113226
-38.721429,401,35.327726
-114.557143,376,35.539848
-114.05,446,35.762943
3.442857,400,35.979885
-12.542857,422,37.171322
-67.264286,383,37.410996
-59.9,417,37.630602
-88.528571,398,37.844808
-165.114286,393,38.059159
-88.528571,479,38.335619
-136.635714,362,39.495253
-75.778571,389,39.74244
-92.328571,403,39.958766
-18.314286,446,40.182745
-66.0,410,40.403152
-69.1,413,40.619631
-134.5,341,40.820688
-95.921429,439,41.998611
-152.714286,389,42.236496
-22.571429,360,42.444523
27.171429,381,42.656128
-47.585714,467,42.887269
-92.278571,401,43.105174
-88.0,410,43.322855
-40.528571,423,44.527554
-61.25,411,44.771182
-67.535714,430,44.991926
-58.028571,426,45.212652
-125.264286,493,45.447867
-107.321429,412,45.662321
25.064286,361,46.808185
-40.5,349,47.048545
25.0,349,47.260334
-92.507143,403,47.47549
-100.0,360,47.683786
-111.492857,435,47.908589
-63.464286,400,48.127509
-85.65,390,49.292394
-47.292857,436,49.553382
16.857143,343,49.759691
-34.821429,425,49.980981
-115.335714,412,50.19693
-63.364286,420,50.418451
-150.757143,393,50.633423
-144.985714,438,51.830088
-42.028571,423,52.076595
-73.5,401,52.295242
-146.778571,369,52.502078
-105.7,434,52.72267
-86.278571,365,52.930249
-24.742857,463,54.084852
-62.978571,441,54.348052
-66.314286,461,54.576477
-138.107143,430,54.798801
-139.778571,433,55.01952
-33.264286,401,55.239002
-107.764286,522,56.412369
23.6,384,56.666771
-77.171429,398,56.887465
-70.55,523,57.1263
-160.778571,375,57.333169
-27.057143,431,57.553984
-105.764286,416,57.773787
-96.278571,356,58.927535
-54.821429,375,59.170357
-146.0,398,59.38702
-79.335714,394,59.604711
-81.7,397,59.822552
-140.057143,397,60.037581
-129.614286,398,60.255205
-112.307143,424,61.47809
-80.314286,410,61.72986
6.971429,396,61.945244
-95.0,343,62.150181
-158.557143,397,62.365562
-93.764286,461,62.593459
-61.778571,373,63.735552
-81.485714,407,63.99865
-82.0,380,64.224385
-99.778571,390,64.438762
-22.528571,421,64.660719
-20.157143,408,64.881707
-148.528571,467,65.111658
-64.035714,442,66.286208
-146.278571,389,66.534551
-47.278571,398,66.7564
-125.257143,429,66.977743
-93.321429,427,67.198137
-73.692857,436,67.420869
-70.0,409,68.592298
24.442857,400,68.855789
-79.957143,454,69.092826
-34.642857,421,69.312668
-88.5,344,69.515499
-129.5,338,69.719755
-62.5,410,69.93997
-4.264286,434,71.119996
-92.092857,399,71.378966
-121.114286,372,71.589893
-80.264286,412,71.80926
-22.257143,451,72.038186
-96.5,338,72.242468
-112.478571,406,72.461849
-89.757143,404,73.661556
-9.621429,377,73.907085
-79.621429,491,74.141737
-108.778571,358,74.34972
-152.557143,403,74.564476
-158.335714,394,74.780551
-80.557143,379,74.992954
29.535714,454,76.244145
-73.828571,372,76.479807
-53.778571,397,76.696866
-103.821429,430,76.916924
-91.5,341,77.121371
-113.407143,406,77.338136
3.0,349,78.486586
-105.764286,388,78.745033
-88.0,410,78.964106
-133.335714,406,79.183765
-56.278571,379,79.393849
-42.264286,381,79.605007
-101.0,353,79.812833
-57.878571,381,80.991806
-105.5,343,81.237243
-84.264286,408,81.456107
-107.764286,354,81.669635
-182.985714,421,81.891746
-52.221429,340,82.095209
-87.807143,394,82.30893
-9.178571,389,82.520559
-71.171429,458,83.745018
-108.057143,373,83.981443
-126.042857,377,84.190622
-31.878571,431,84.412483
-76.242857,468,84.642752
16.671429,398,84.85999
-96.5,410,86.093806
-49.4,406,86.345649
-113.764286,357,86.555948
-53.028571,437,86.780541
-134.114286,393,86.996079
-44.078571,387,87.211498
-9.75,488,87.44661
-120.778571,406,88.617469
-111.778571,371,88.864301
-60.764286,412,89.084872
-82.542857,392,89.301329
-80.171429,430,89.522745
-171.335714,387,89.732155
-3.478571,442,90.881752
-15.192857,406,91.177136
19.5,389,91.401341
-36.557143,404,91.628041
35.428571,471,91.861661
-5.5,376,92.073912
-147.557143,399,92.290151
-125.335714,350,93.483493
-77.935714,342,93.724745
-33.264286,410,93.945908
-126.0,355,94.152426
-81.764286,409,94.373467
-57.764286,376,94.585104
-107.0,401,94.800627
-45.821429,429,96.027463
-77.835714,352,96.272287
-130.614286,391,96.489679
-106.0,399,96.711161
-23.307143,471,96.942128
-144.057143,375,97.153908
11.5,371,97.363277
-118.057143,387,98.567079
-61.0,399,98.829441
-89.764286,339,99.043103
-98.571429,423,99.263888
-89.85,413,99.479825
-133.457143,372,99.687413
-86.85,450,99.912776
18.985714,349,101.13681
27.057143,418,101.394206
-13.507143,415,101.623614
-90.264286,396,101.838003
-164.1,415,102.057015
-58.557143,403,102.272247
-92.814286,434,103.439853
-62.107143,395,103.702539
-121.0,404,103.918691
-94.557143,394,104.133275
-84.764286,391,104.347621
-60.828571,456,104.574163
-56.278571,404,104.793254
-15.607143,398,105.967598
-158.321429,401,106.220635
-41.742857,414,106.437214
-51.264286,433,106.659103
-97.057143,411,106.879334
-147.057143,368,107.085232
-91.5,341,107.286814
-130.264286,428,108.504863
-79.278571,400,108.749634
29.235714,379,108.962202
-101.935714,383,109.175809
-157.114286,394,109.389484
22.5,344,109.595175
-163.65,452,109.818384
-72.521429,433,111.038177
-99.614286,341,111.263257
-2.328571,419,111.49303
-154.671429,433,111.720525
-27.5,395,111.932341
-165.55,407,112.147519
-47.292857,472,113.333772
-79.528571,425,113.595937
-109.0,380,113.814803
-37.5,338,114.018088
-14.0,344,114.220995
-61.057143,373,114.43207
22.428571,524,114.675074
-160.557143,370,115.887671
-86.685714,416,116.137825
-151.057143,366,116.345786
-43.421429,377,116.564363
-128.7,387,116.77795
-72.678571,383,116.991631
-73.4,372,117.202484
-70.721429,382,118.422334
-43.942857,391,118.677894
-59.5,552,118.928716
-71.764286,382,119.143219
-8.328571,433,119.365101
-134.5,399,119.581068
-42.028571,428,120.800013
-28.307143,416,121.066659
-108.271429,401,121.285443
-53.321429,431,121.506492
-47.0,335,121.70842
-63.764286,421,121.926713
-118.521429,454,122.1554
19.178571,396,123.361069
-57.528571,475,123.632686
2.45,461,123.862282
-74.178571,492,124.098069
-129.557143,378,124.307394
-30.0,349,124.51436
-69.5,389,125.668703
28.957143,439,125.933367
-88.35,393,126.150245
-54.0,343,126.356756
-28.042857,417,126.577141
-124.335714,373,126.789074
29.235714,377,127.002154
-97.257143,430,128.202739
-177.478571,454,128.466273
-68.107143,389,128.686904
-70.278571,366,128.896659
-30.792857,350,129.101922
-101.5,349,129.307736
-134.335714,367,129.518202
-85.0,344,130.703008
-173.85,436,130.973211
-121.778571,400,131.197567
8.5,351,131.407959
-101.085714,419,131.625381
-144.257143,446,131.851086
-19.857143,389,132.063385
-111.257143,440,133.263883
-44.157143,356,133.507352
-154.057143,402,133.729626
-68.885714,398,133.944722
-87.742857,438,134.171333
25.0,344,134.381319
-4.678571,351,134.588883
-79.157143,395,135.793748
-114.5,338,136.029282
-117.5,341,136.234084
-26.321429,410,136.457252
-91.278571,352,136.664582
-138.271429,419,136.880836
-151.321429,452,137.104925
-61.307143,466,138.315751
15.235714,390,138.561581
-2.0,345,138.767447
-139.142857,508,139.008031
-129.978571,437,139.23287
-8.828571,444,139.460061
-148.778571,366,140.623576
-8.328571,439,140.890163
-17.5,408,141.109984
-101.0,352,141.313755
-142.114286,377,141.522703
-6.0,346,141.726236
-44.6,481,141.960986
-59.942857,392,143.161494
-62.857143,441,143.429861
-91.042857,478,143.673967
-118.978571,411,143.892699
-127.407143,397,144.106676
-96.478571,409,144.326424
8.035714,361,145.489245
-144.328571,460,145.766499
-89.378571,460,146.013756
-68.264286,402,146.232571
-119.0,404,146.449892
-64.45,399,146.665873
-105.628571,389,146.878907
-118.292857,428,148.109231
25.0,404,148.373686
-93.528571,432,148.606909
-78.5,352,148.816136
-90.828571,434,149.038705
14.957143,358,149.245112
-113.0,357,149.451537
-79.071429,413,150.631665
-157.428571,543,150.918878
-135.557143,370,151.133893
-123.557143,378,151.346197
-70.092857,450,151.5725
-39.742857,465,151.804265
-143.921429,375,152.968761
4.285714,394,153.219613
-52.942857,415,153.451767
-11.385714,394,153.668532
-119.821429,428,153.889756
-44.828571,463,154.11828
-84.0,404,154.335413
-108.85,397,155.544269
18.735714,391,155.784764
-90.357143,440,156.012601
11.407143,470,156.246246
-133.692857,443,156.473411
-73.0,349,156.680745
-57.264286,424,157.860261
-141.692857,557,158.1566
-129.764286,412,158.381541
-62.357143,458,158.608245
-69.335714,406,158.824555
-92.057143,389,159.035153
-77.585714,429,160.225008
-77.964286,431,160.496905
-14.178571,351,160.710385
-75.942857,458,160.938382
-41.764286,348,161.145998
-122.0,410,161.363748
-67.4,426,161.586566
5.664286,438,162.808897
-108.778571,352,163.054871
-130.964286,424,163.283811
-153.771429,396,163.499704
1.221429,412,163.718345
-87.521429,461,163.94885
-1.028571,379,165.106278
-53.478571,439,165.37796
-40.028571,471,165.613735
-56.757143,451,165.840338
-6.0,362,166.047299
-86.778571,379,166.261696
-89.478571,442,166.488789
-50.614286,440,167.702088
-116.707143,434,167.961468
-57.757143,440,168.192899
-72.535714,432,168.416434
-74.557143,377,168.627136
-102.742857,452,168.856623
-70.742857,444,170.053943
-72.821429,409,170.31365
-75.792857,432,170.542481
-80.107143,384,170.755687
-126.328571,429,170.977018
-139.778571,365,171.18739
-81.328571,392,171.400643
-101.335714,359,172.567307
-18.264286,412,172.826802
-123.778571,365,173.040514
-95.764286,360,173.249105
-69.907143,416,173.467155
-73.942857,357,173.674076
-109.55,435,173.897308
-103.557143,356,175.113352
-122.557143,373,175.361325
-63.242857,477,175.596283
-55.121429,408,175.814275
-55.2,449,176.041175
-42.5,343,176.246319
-162.607143,461,177.411626
-64.057143,394,177.668703
-17.764286,373,177.884933
-161.642857,400,178.098917
-84.778571,356,178.309971
-14.678571,467,178.546259
-111.407143,438,178.769112
-109.542857,408,179.975067
-78.264286,416,180.23405
-70.178571,438,180.458526
-142.328571,434,180.68057
-27.535714,407,180.902837
-89.664286,445,181.127751
-41.9,377,182.284028
-151.671429,401,182.550135
-25.178571,417,182.769597
-12.257143,444,182.992507
-74.5,349,183.194326
-94.571429,434,183.422273
-18.985714,410,183.643403
-124.028571,480,184.903193
-65.892857,396,185.160948
12.342857,518,185.414608
-112.992857,405,185.635195
-154.278571,389,185.8478
-105.435714,368,186.054391
25.0,374,187.279615
-114.257143,423,187.550566
29.235714,420,187.781228
-70.5,343,187.995096
-107.107143,388,188.212643
-93.778571,396,188.427621
-145.164286,416,188.645932
-86.535714,423,189.868267
-106.778571,349,190.116353
-8.057143,404,190.346796
-46.264286,412,190.571934
-68.0,349,190.778983
-131.557143,378,190.988885
-37.978571,429,191.209909
-77.171429,399,192.438862
-70.278571,401,192.704816
-128.885714,394,192.926479
6.928571,451,193.152411
-13.264286,392,193.367605
-80.128571,412,193.58448
-104.757143,405,193.803797
22.457143,418,195.051041
-146.071429,349,195.28683
-118.778571,395,195.5053
-54.342857,524,195.750031
-91.935714,359,195.965838
-150.328571,452,196.195099
-67.778571,360,197.384306
-75.028571,387,197.643342
18.535714,395,197.860549
-30.5,355,198.06661
-74.828571,427,198.288457
-114.057143,397,198.510512
-63.278571,397,198.727369
-73.828571,369,199.934833
-53.228571,452,200.202288
-136.828571,426,200.428089
-100.528571,453,200.655838
-58.571429,351,200.864065
-146.478571,417,201.086483
-17.5,341,201.291803
27.514286,409,202.517049
-110.957143,409,202.770209
-93.771429,431,202.994301
-96.028571,397,203.21004
-72.285714,391,203.426962
-99.235714,413,203.646003
-27.764286,381,203.85627
-157.992857,480,205.078456
-75.75,461,205.337524
-74.557143,403,205.556461
31.878571,469,205.78695
-56.0,340,205.992538
-83.978571,407,206.217324
-126.557143,403,207.400471
-33.978571,404,207.657581
14.95,398,207.875304
-71.828571,412,208.09434
-99.778571,390,208.312011
-135.1,440,208.536486
-97.0,357,208.744227
3.057143,380,209.949231
-165.0,389,210.196465
27.521429,406,210.414359
-41.5,410,210.631774
-88.4,491,210.865227
-77.0,376,211.078537
-105.607143,417,212.268329
-77.042857,379,212.525569
-1.764286,376,212.741546
-112.264286,401,212.957048
-89.064286,485,213.190512
-70.492857,397,213.405488
-92.778571,386,213.618058
-75.278571,395,214.84043
-106.5,344,215.079459
-114.0,352,215.288473
-145.535714,401,215.511076
-2.764286,427,215.734096
-29.0,404,215.949425
-100.542857,353,216.154598
-70.607143,428,217.378675
-114.778571,391,217.628699
21.771429,434,217.85683
29.75,447,218.094812
-112.757143,415,218.318604
-99.107143,420,218.538014
4.842857,347,218.742724
20.957143,424,219.986924
-74.978571,413,220.24224
-104.557143,353,220.44891
-139.778571,391,220.660937
24.721429,389,220.875834
-80.492857,404,221.095375
25.428571,368,222.254422
28.957143,410,222.524784
-73.764286,429,222.745142
-150.142857,490,222.978514
-88.264286,391,223.192982
2.021429,423,223.416135
-116.264286,375,223.627665
-106.764286,396,224.852782
-74.585714,467,225.119193
-142.478571,434,225.342172
1.821429,387,225.558234
-136.942857,442,225.792005
-150.835714,375,226.003976
-103.264286,425,227.235337
-2.5,352,227.486829
-84.257143,437,227.717408
25.428571,358,227.92109
-119.257143,426,228.140834
-28.242857,478,228.376783
-70.764286,425,228.601405
-107.014286,413,229.79997
-93.028571,456,230.06835
-126.05,402,230.292752
25.0,341,230.496622
-105.257143,428,230.718622
-52.978571,414,230.93735
-119.307143,466,232.147286
-85.278571,401,232.409748
-94.607143,434,232.640703
19.742857,446,232.872729
-85.464286,423,233.095943
-63.864286,482,233.331099
-68.5,338,233.532417
-82.0,407,234.74265
-1.978571,417,235.000602
-145.835714,394,235.220759
9.742857,449,235.452827
-32.857143,531,235.699982
-10.264286,360,235.908157
-47.264286,408,237.10568
-155.942857,464,237.379128
-3.571429,347,237.587136
-117.278571,395,237.799158
-6.328571,389,238.014651
-111.328571,374,238.230817
-77.607143,398,238.447136
-107.264286,415,239.724315
27.171429,360,239.97053
-99.557143,359,240.182752
-143.778571,365,240.390584
-49.478571,437,240.614491
-129.885714,445,240.844465
-54.457143,470,241.074471
-3.264286,358,242.274294
-2.385714,484,242.551684
25.321429,360,242.766546
23.792857,444,242.991898
-59.128571,473,243.220976
-42.478571,392,243.436615
-99.828571,404,244.643798
-148.828571,465,244.918231
-98.757143,437,245.151008
-71.264286,380,245.36148
-95.128571,428,245.587802
-120.471429,418,245.804984
-72.528571,450,246.993931
-70.821429,425,247.266077
-84.542857,402,247.489469
-58.278571,362,247.697038
-111.778571,403,247.915571
5.957143,393,248.12846
-53.071429,345,248.33245
-10.157143,356,249.552528
-6.935714,362,249.806674
-146.335714,390,250.026959
-46.942857,407,250.246031
-113.5,346,250.457081
-156.778571,355,250.666116
-69.778571,346,250.872464
-72.557143,395,251.087195
-135.935714,351,252.300708
-29.942857,429,252.560195
-67.042857,435,252.788147
-68.328571,365,252.996076
-145.557143,400,253.213019
-40.657143,339,253.417888
-42.828571,365,253.626398
-151.557143,388,254.825801
1.257143,441,255.090104
-132.221429,371,255.307094
-118.557143,403,255.522946
-132.278571,395,255.736493
-15.264286,380,255.947142
-105.557143,370,256.15589
-84.5,399,257.400397
-37.135714,457,257.661048
-77.764286,386,257.876305
-61.807143,496,258.115433
-48.278571,395,258.334461
-116.278571,359,258.541734
-137.835714,448,259.767222
-18.0,349,260.014241
-102.5,398,260.238221
-144.057143,366,260.449341
24.0,352,260.655706
-140.828571,440,260.880285
-114.821429,405,261.095452
-137.364286,552,262.342477
-56.957143,409,262.597862
-129.557143,388,262.822445
-69.4,434,263.043691
-132.057143,401,263.259632
-121.321429,442,263.486912
-76.607143,430,264.658178
24.957143,355,264.903171
-169.335714,386,265.13309
-144.335714,400,265.348904
-60.0,341,265.552728
6.957143,404,265.769987
5.235714,379,265.984091
-39.042857,418,267.207783
-69.328571,416,267.469736
25.428571,341,267.675973
-62.321429,398,267.890808
-58.607143,437,268.115571
25.0,376,268.333395
23.642857,395,268.55348
-67.085714,408,269.750653
-90.371429,423,270.012444
-79.5,335,270.214316
-121.778571,458,270.441111
25.664286,315,270.641969
-25.907143,444,270.866208
-28.807143,510,272.081827
-101.214286,359,272.340251
-130.057143,359,272.558705
-59.528571,476,272.79709
-19.0,341,273.005425
-89.978571,395,273.218423
-72.821429,412,273.435304
-143.557143,400,274.642514
-70.978571,509,274.931219
-121.321429,407,275.150329
-111.714286,374,275.361485
-117.542857,392,275.600409
-106.5,352,275.811381
-43.878571,392,276.027749
33.985714,398,277.253336
-29.764286,429,277.518125
-64.764286,355,277.728382
-53.778571,356,277.941461
-123.278571,401,278.167233
-43.128571,386,278.383158
-84.964286,452,278.608492
-99.528571,397,279.842491
-116.278571,395,280.090985
-104.278571,400,280.312394
25.664286,353,280.525768
-15.5,349,280.729479
-121.528571,493,280.964234
-36.835714,427,281.187609
-75.542857,421,282.426164
-102.107143,368,282.662834
-88.778571,398,282.891596
-73.635714,344,283.097005
-72.028571,449,283.323875
-96.307143,491,283.558407
-69.0,465,284.807892
-40.221429,392,285.061358
-75.992857,411,285.290776
25.0,352,285.498808
-96.835714,396,285.715043
-77.314286,413,285.934582
-90.385714,425,286.155048
-107.0,353,287.361433
-39.464286,442,287.629761
-73.671429,481,287.862297
-16.028571,451,288.098148
-4.471429,357,288.311252
-4.85,350,288.51609
-118.821429,424,289.719095
-82.835714,399,289.983716
-18.5,352,290.197224
-120.435714,351,290.402739
-66.5,410,290.61902
-73.178571,428,290.837271
-13.0,349,291.042789
-47.042857,392,292.257774
-67.557143,376,292.518591
-91.542857,397,292.743438
29.664286,348,292.948976
-141.328571,396,293.163654
-104.314286,430,293.385129
-157.864286,398,293.602272
-102.335714,397,294.782879
-68.528571,410,295.051497
-98.1,422,295.283353
-21.778571,386,295.50485
33.471429,460,295.733982
-73.478571,435,295.955492
-93.042857,389,296.170974
-66.478571,398,297.375732
-85.385714,369,297.623181
-0.528571,446,297.856248
-87.942857,441,298.082872
-46.828571,368,298.293156
-22.442857,356,298.504731
-56.528571,428,298.729386
-60.85,436,299.942145
-82.278571,397,300.19744
-113.057143,394,300.420656
-83.385714,439,300.647732
-105.907143,404,300.868898
-84.392857,464,301.110353
-105.0,346,302.308867
-62.778571,393,302.580336
-70.885714,407,302.810893
-174.1,416,303.029163
-38.978571,441,303.252431
-144.942857,442,303.477661
-138.835714,394,303.693637
-61.235714,422,304.973615
19.178571,428,305.245263
-101.607143,397,305.472062
-48.478571,431,305.692404
-31.221429,336,305.892868
-74.042857,385,306.107363
-91.028571,463,307.276519
-83.557143,394,307.54975
-5.528571,411,307.785982
-55.5,346,307.996349
-62.264286,389,308.21227
33.471429,466,308.448288
-33.178571,386,308.663623
-23.557143,395,309.887676
-79.264286,402,310.168503
-66.5,346,310.391338
-138.057143,362,310.603845
-58.3,485,310.838736
-5.542857,374,311.049898
-153.057143,391,311.264592
-82.5,413,312.546402
-114.0,353,312.816315
-55.557143,359,313.045951
-78.107143,400,313.266473
-98.278571,406,313.486288
-4.278571,393,313.703972
-41.828571,399,313.921437
-42.557143,386,315.149719
-98.5,349,315.418339
-76.828571,373,315.648689
29.235714,382,315.865987
-150.171429,395,316.080777
-88.278571,406,316.294739
-82.307143,395,316.519397
-75.557143,402,317.881253
-129.028571,406,318.164953
-79.221429,410,318.40548
-71.557143,397,318.622627
32.471429,430,318.844755
-90.607143,370,319.055943
-75.721429,424,320.302803
16.735714,380,320.590977
28.957143,423,320.837884
-98.442857,553,321.091929
-34.835714,402,321.309271
-153.257143,393,321.521805
-148.321429,400,321.74005
-95.828571,396,323.066323
-19.0,352,323.337081
-10.0,352,323.562122
-100.278571,403,323.78213
-101.278571,398,323.995851
-87.107143,364,324.203111
-76.478571,389,324.415249
-67.0,346,325.616886
-96.935714,341,325.888755
-61.5,355,326.118601
-16.557143,355,326.333769
-12.5,346,326.542225
-88.278571,401,326.757195
8.942857,354,326.963129
-101.828571,372,327.17315
-55.535714,440,328.481393
-75.042857,373,328.75637
-105.828571,444,329.001313
-71.764286,388,329.216643
-90.385714,378,329.42652
7.457143,382,329.639489
-82.664286,390,330.849873
-147.278571,389,331.138106
25.0,338,331.367919
-127.057143,355,331.584049
-105.671429,401,331.800197
-128.978571,394,332.013151
-76.528571,391,332.227434
12.171429,432,333.598246
-63.778571,388,333.888628
-86.0,355,334.121954
-78.321429,425,334.349827
-45.5,413,334.568931
-26.935714,359,334.773356
-52.278571,365,334.981905
-27.5,399,336.216042
-78.964286,446,336.524379
-87.557143,346,336.754329
31.407143,397,336.977773
-65.057143,401,337.193074
-58.828571,435,337.414999
29.557143,454,337.641786
-69.078571,521,338.905419
-95.5,393,339.186762
-45.071429,366,339.419267
-55.307143,486,339.657917
-80.2,359,339.866847
-56.057143,398,340.081696
-40.5,344,341.334734
-1.042857,410,341.636373
-51.157143,389,341.880484
-114.607143,424,342.112025
-92.0,352,342.320656
-104.335714,396,342.534783
-105.5,349,342.736664
-58.5,472,343.974715
-96.478571,410,344.269636
-122.4,487,344.533229
-83.5,352,344.746309
-83.321429,417,344.964349
-37.507143,387,345.175791
-149.557143,397,345.391457
-106.778571,389,346.595267
-112.757143,409,346.889369
27.171429,375,347.125718
-113.835714,367,347.340282
-39.135714,429,347.560578
30.535714,402,347.778087
-73.028571,427,347.997277
-79.207143,460,349.316462
-97.557143,399,349.601546
-18.05,451,349.851883
-79.557143,406,350.075328
-55.885714,436,350.300407
-149.557143,381,350.511695
7.95,468,351.792027
29.235714,426,352.088413
-25.042857,411,352.329145
2.171429,371,352.544536
-107.935714,339,352.745842
-145.778571,391,352.960162
-83.628571,434,353.185338
-144.335714,397,354.437661
-17.5,349,354.705818
-103.764286,384,354.93926
-57.828571,431,355.168827
-78.721429,390,355.383236
-77.214286,387,355.596154
25.0,352,355.802721
-122.2,501,357.100876
-106.135714,340,357.365164
6.428571,362,357.592185
-77.278571,389,357.810725
-113.335714,428,358.032281
-71.0,410,358.252131
-66.878571,423,359.491002
-139.971429,442,359.798782
-91.85,403,360.044239
1.735714,411,360.273081
-85.757143,423,360.49245
36.05,508,360.730812
-87.5,347,360.936231
-39.135714,359,362.191351
-71.621429,435,362.485135
-26.557143,407,362.724608
-60.028571,396,362.946106
-6.028571,447,363.170109
-80.264286,420,363.389481
-21.385714,392,364.630508
-15.764286,358,364.917831
-72.764286,391,365.157441
-125.557143,401,365.383428
-93.557143,373,365.594022
-62.328571,445,365.821161
-37.542857,410,366.039766
-29.85,408,367.243831
-76.5,380,367.532989
-77.0,365,367.766568
-149.228571,442,368.000502
-161.835714,397,368.212714
-106.5,346,368.416701
-102.278571,401,368.633695
-88.235714,369,369.869689
-135.828571,434,370.179529
-86.921429,421,370.425848
34.2,427,370.654324
-69.5,349,370.864085
-31.828571,397,371.080954
-102.107143,367,371.289734
28.414286,493,372.578608
-109.028571,449,372.879333
-52.607143,372,373.112957
-54.571429,362,373.330219
-84.628571,398,373.546996
34.264286,418,373.768096
-59.035714,421,374.978291
-88.992857,406,375.286513
-23.542857,416,375.534559
-103.057143,370,375.754372
-85.278571,401,375.969884
-84.278571,401,376.184109
-133.957143,473,376.423897
-80.092857,414,377.754291
-43.635714,403,378.043699
-59.407143,428,378.286767
3.614286,399,378.509029
29.235714,359,378.717312
-70.435714,350,378.924421
-99.164286,387,379.13817
-71.028571,404,380.384363
-40.828571,401,380.669693
-150.835714,395,380.906071
-155.1,456,381.137674
-100.385714,392,381.352073
-17.264286,385,381.563809
-16.75,407,382.744408
-118.042857,405,383.043166
-116.607143,434,383.29648
-17.764286,432,383.528616
25.0,352,383.736446
15.314286,401,383.953596
-66.678571,378,384.165536
-3.0,358,385.424537
-74.135714,348,385.711334
-170.421429,511,385.98316
-65.5,344,386.194998
22.928571,351,386.403061
18.735714,408,386.622135
-108.821429,432,386.847158
-123.5,344,388.091649
-96.828571,404,388.392447
-26.75,445,388.649386
-52.028571,397,388.872691
-24.764286,423,389.09464
-88.935714,433,389.315555
-59.021429,410,389.533589
-55.278571,386,390.782129
-18.85,356,391.066875
-61.5,396,391.305426
-7.728571,426,391.534227
-74.828571,397,391.7501
-51.607143,443,391.973699
-70.507143,517,393.199018
-98.328571,371,393.486153
-96.521429,444,393.73932
-42.278571,373,393.959851
-81.764286,394,394.177519
-88.764286,430,394.397359
1.0,344,394.603081
-51.5,355,395.841751
33.471429,421,396.149019
-156.057143,401,396.392589
-34.55,455,396.631537
27.171429,381,396.843532
-65.764286,394,397.058826
-99.592857,419,397.279005
-105.778571,398,398.555381
31.578571,414,398.852881
-154.335714,384,399.088719
-76.0,397,399.309084
-148.035714,418,399.530182
-39.821429,380,399.741471
-75.207143,424,400.900625
-31.978571,416,401.203268
-126.328571,429,401.455909
35.535714,450,401.692081
2.171429,370,401.903773
-152.857143,394,402.118895
-86.042857,402,402.334253
-111.828571,401,403.578681
25.321429,354,403.863614
-88.464286,399,404.10666
-93.614286,403,404.331862
-3.235714,458,404.557854
-72.5,338,404.761634
-66.007143,408,404.981147
-73.942857,394,406.27262
-44.5,403,406.55626
-52.271429,393,406.793019
-96.5,353,407.002865
-73.0,397,407.219758
-3.528571,440,407.445491
27.921429,418,407.666884
-69.542857,435,408.897837
-56.807143,417,409.178367
-58.971429,455,409.422018
-107.307143,422,409.646296
-99.828571,400,409.861594
-75.092857,454,410.089843
-104.757143,431,411.308108
-54.264286,429,411.597508
17.742857,450,411.85008
25.0,410,412.072076
-41.5,346,412.277405
-126.764286,426,412.49935
-0.107143,373,413.692432
27.171429,363,413.97959
-115.264286,387,414.224091
-110.271429,420,414.453175
-50.657143,402,414.66902
-65.528571,399,414.883883
-70.278571,396,415.096587
-128.2,421,416.353645
-156.428571,395,416.63945
37.707143,487,416.902742
6.957143,377,417.120272
-95.557143,403,417.334954
-166.057143,376,417.547103
-112.335714,387,417.757984
-70.542857,439,419.016888
-87.321429,409,419.306597
-110.678571,431,419.552733
-21.528571,456,419.785132
-97.764286,405,419.999324
-108.657143,449,420.224026
-0.05,450,421.471545
-89.435714,364,421.756994
-84.828571,395,421.999719
-112.528571,399,422.220798
-140.585714,407,422.438367
-121.1,425,422.658804
-103.678571,493,422.892113
-6.5,341,424.100545
-61.542857,411,424.391525
-122.0,335,424.614818
-103.435714,400,424.839969
-103.607143,375,425.048277
-100.835714,387,425.264216
-93.5,404,425.479849
-65.778571,349,426.683023
33.471429,419,426.977641
-134.278571,387,427.213923
-67.542857,425,427.441981
-63.257143,398,427.653403
-107.257143,441,427.880608
-92.264286,404,429.093947
-84.928571,374,429.385391
-115.521429,496,429.651763
-124.114286,335,429.862496
-82.778571,401,430.079409
-211.764286,477,430.311537
-62.264286,414,430.529936
-106.542857,406,431.814163
19.671429,424,432.103593
-124.528571,431,432.34602
-98.492857,415,432.568896
-131.542857,410,432.788048
-136.257143,399,433.006426
-140.335714,387,433.221076
-140.335714,381,434.442638
-73.192857,454,434.730925
-125.057143,362,434.957863
-125.278571,395,435.176055
-44.828571,352,435.384936
-76.221429,472,435.616878
-128.557143,406,436.82103
-112.278571,377,437.11942
-64.0,352,437.354289
-0.457143,408,437.58385
22.892857,459,437.817479
-47.264286,431,438.042423
-79.635714,391,438.255201
-68.307143,429,439.522364
-18.5,404,439.827049
-26.264286,381,440.064007
-76.535714,420,440.295048
-88.542857,407,440.514726
-52.264286,395,440.73161
-119.242857,399,440.947073
-74.557143,400,442.289142
24.721429,371,442.567709
-11.071429,396,442.806085
-72.057143,388,443.024373
-47.828571,393,443.282595
-149.907143,427,443.504249
-83.542857,424,444.731056
-45.042857,389,445.021686
-99.314286,403,445.26643
-67.657143,438,445.500051
25.428571,358,445.70943
-76.307143,402,445.924836
-68.328571,404,446.143701
-74.278571,401,447.396984
-87.557143,399,447.682106
-150.114286,388,447.91469
-112.778571,365,448.125314
-101.414286,479,448.359127
25.385714,350,448.565898
-82.0,349,448.77001
-100.328571,429,450.043588
-96.25,455,450.343494
-60.892857,367,450.572785
-70.0,346,450.780946
-22.764286,391,450.996759
-142.778571,391,451.210312
-81.257143,436,451.435899
-87.214286,385,452.625514
-42.821429,410,452.911281
-7.5,341,453.137409
-64.392857,386,453.357364
25.471429,430,453.580261
-112.907143,533,453.82429
-87.978571,451,455.05262
-73.764286,395,455.354266
-16.5,415,455.604225
-91.057143,353,455.814844
-153.557143,403,456.031119
-84.264286,431,456.25317
-75.542857,385,456.467089
-7.057143,360,457.736921
-125.057143,388,458.024038
-72.042857,387,458.255724
-103.264286,382,458.469348
-100.5,410,458.690525
25.0,404,458.908086
-14.0,340,459.111319
-155.478571,447,460.314088
-90.042857,381,460.596216
-4.978571,436,460.843503
-63.057143,392,461.063913
-20.0,360,461.269745
-65.742857,423,461.489671
2.171429,378,461.701492
-95.028571,492,462.990442
-52.778571,398,463.270136
-139.657143,510,463.528743
-43.0,343,463.736691
-84.807143,457,463.966022
-9.0,352,464.171381
-51.764286,419,465.466163
-92.107143,442,465.768353
-82.6,396,466.007287
-83.528571,454,466.242372
-100.978571,428,466.463127
-11.571429,349,466.67105
-80.892857,395,466.886452
-46.557143,376,468.128515
-150.871429,488,468.435737
-76.057143,403,468.674497
-133.757143,439,468.901279
-137.0,401,469.115811
-75.528571,467,469.345254
-90.557143,398,470.589241
-64.778571,352,470.872687
-62.678571,372,471.106619
-53.264286,391,471.327721
-15.471429,502,471.563729
-95.557143,397,471.78139
-139.278571,407,472.001482
-110.335714,375,473.239551
-83.285714,372,473.522629
-70.4,464,473.776415
-15.5,349,473.985119
-132.278571,400,474.19844
-109.778571,401,474.41621
-121.557143,400,475.632526
-70.5,346,475.922594
-76.042857,397,476.174092
-74.628571,412,476.40419
-76.5,349,476.613027
-41.885714,432,476.835145
-74.557143,406,477.050643
-137.335714,394,478.325089
25.428571,352,478.607801
-24.107143,402,478.851515
3.5,353,479.063041
-73.0,412,479.279737
-57.2,348,479.485775
-102.628571,442,479.711636
-125.057143,379,480.962203
-81.835714,389,481.2567
-92.435714,390,481.500905
-62.757143,428,481.733021
25.685714,404,481.950826
-139.492857,372,482.161014
-69.978571,346,482.36618
-60.907143,376,483.564931
-40.978571,451,483.877382
-95.764286,394,484.119399
-90.264286,395,484.342669
8.271429,485,484.578063
-34.828571,397,484.793471
-24.335714,402,485.010658
-27.328571,428,486.290202
-102.6,368,486.575056
-45.114286,409,486.818781
-36.135714,436,487.050523
-71.264286,446,487.275302
-117.542857,409,487.49384
22.785714,481,488.745145
-45.264286,360,489.035069
-21.528571,440,489.289748
-129.164286,448,489.524655
-68.828571,378,489.7384
-80.057143,397,489.954662
-91.914286,391,490.169745
-83.0,410,491.388058
-140.0,399,491.681882
-80.821429,409,491.927514
-75.664286,495,492.172217
-154.778571,379,492.385101
-147.335714,400,492.59888
-167.678571,415,493.775538
-107.035714,415,494.088617
-79.121429,488,494.359688
-83.057143,365,494.583477
-26.028571,457,494.81642
-55.05,433,495.040881
-73.5,349,495.247425
-34.321429,435,496.492427
-115.092857,447,496.804421
-74.542857,397,497.048743
-51.864286,490,497.2963
-128.778571,403,497.516798
-44.057143,404,497.734222
-85.392857,393,498.96685
-123.778571,371,499.274554
-99.764286,423,499.531762
-104.057143,372,499.758325
-29.5,352,499.969241
-74.435714,343,500.171304
-77.0,355,500.377918
-128.221429,472,501.627606
-80.557143,361,501.927481
-91.557143,355,502.166549
-37.271429,450,502.411286
-13.828571,398,502.633473
-156.121429,471,502.867464
29.235714,410,503.084633
-59.057143,404,504.398136
-125.585714,476,504.721349
-88.414286,416,504.96758
-102.264286,385,505.192878
-47.835714,406,505.415882
-102.492857,412,505.634505
-101.65,403,506.85098
29.235714,377,507.160387
1.235714,418,507.41524
-140.992857,548,507.677325
-97.214286,492,507.918874
-80.1,421,508.139627
-27.828571,390,509.354168
-42.057143,402,509.676076
29.235714,373,509.922409
4.021429,413,510.160002
-113.328571,369,510.374196
-26.042857,360,510.581976
-90.214286,377,510.793784
-55.885714,462,512.074116
-100.807143,459,512.405565
-37.571429,427,512.660694
31.685714,470,512.908362
-88.928571,370,513.121961
-103.4,458,513.351067
-64.414286,479,514.575008
-83.278571,358,514.880069
-81.114286,459,515.151015
-21.771429,389,515.38372
-80.671429,494,515.622244
-123.778571,390,515.83512
-74.585714,454,516.063434
-118.335714,394,517.316298
-129.1,382,517.612653
-66.278571,404,517.861086
-88.3,474,518.107163
28.957143,382,518.325825
-133.764286,394,518.539927
-87.428571,465,519.805243
-128.778571,393,520.124741
-3.778571,401,520.383441
-82.4,437,520.626839
17.671429,377,520.845815
-1.835714,409,521.064812
-108.778571,396,521.281285
-154.778571,398,522.532627
-25.828571,460,522.856752
-2.028571,442,523.112065
-99.071429,427,523.347088
-18.028571,402,523.564929
7.25,421,523.788058
-15.0,341,523.993098
-21.607143,397,525.289977
31.407143,397,525.590268
14.142857,426,525.841798
-42.721429,389,526.071007
-156.335714,364,526.280001
33.857143,383,526.493959
-25.557143,400,527.766884
-129.278571,389,528.080972
3.128571,375,528.331473
-11.985714,389,528.564663
-45.1,431,528.796256
21.042857,420,529.018389
-25.778571,386,529.23093
-21.435714,350,530.457124
14.564286,409,530.772887
-51.057143,406,531.029689
-10.921429,466,531.281279
-72.328571,396,531.505355
-80.5,351,531.713361
8.171429,456,531.941754
-76.042857,436,533.19583
-16.678571,349,533.485516
-62.257143,434,533.738037
-75.435714,361,533.963476
5.392857,448,534.196798
-78.764286,337,534.400584
-5.028571,414,534.620077
-130.278571,362,535.889244
-67.557143,376,536.189119
-50.764286,451,536.447307
-41.535714,532,536.711325
-82.828571,454,536.944474
-158.335714,396,537.159383
10.542857,414,538.419167
-14.721429,440,538.739169
-56.614286,376,538.980147
-72.042857,356,539.205353
-36.278571,358,539.419035
-67.0,404,539.635726
-70.1,568,540.8766
-9.828571,462,541.208067
-66.042857,345,541.446191
6.892857,456,541.69399
-78.828571,377,541.911359
-45.5,341,542.114361
-59.542857,380,542.325454
-42.957143,481,543.603187
-98.278571,404,543.916436
-59.0,401,544.174272
33.192857,468,544.422667
-86.042857,405,544.644138
-93.5,349,544.849578
12.671429,370,545.059121
-15.521429,483,546.40564
-5.692857,448,546.72399
-32.764286,395,546.971224
-65.021429,433,547.207724
-98.828571,371,547.422117
-7.657143,451,547.649769
18.985714,522,548.935391
29.235714,383,549.23714
-130.092857,429,549.491488
-61.7,437,549.731816
-145.778571,406,549.951218
-78.764286,409,550.170123
-70.764286,402,551.38511
8.221429,398,551.707892
-38.728571,458,551.972869
-58.114286,397,552.20813
-94.885714,382,552.426847
-87.035714,443,552.653644
-145.057143,374,552.863903
-82.078571,431,554.085213
-116.464286,415,554.401348
-86.778571,401,554.649253
-118.528571,453,554.893688
-120.114286,393,555.11201
-44.728571,444,555.336669
-62.264286,433,556.681056
-139.328571,425,557.012292
-102.257143,426,557.273873
-149.328571,446,557.519947
-66.071429,353,557.732572
-95.757143,449,557.956495
-43.328571,402,558.170681
-74.028571,419,559.436676
-8.464286,448,559.753616
-96.828571,461,560.015197
28.464286,365,560.234737
-68.0,403,560.45511
29.235714,394,560.669202
-124.871429,464,561.882238
-133.65,347,562.185916
6.742857,411,562.449186
-50.764286,385,562.681356
-87.557143,400,562.903798
27.492857,410,563.124281
29.235714,390,563.339421
33.471429,411,564.674995
-90.75,450,565.005662
-111.328571,374,565.251007
-42.764286,395,565.486612
-79.557143,359,565.701532
-22.5,352,565.907803
-88.057143,388,566.119966
-103.828571,402,567.380049
27.6,371,567.681131
-38.264286,377,567.924747
-158.257143,403,568.162687
-117.978571,404,568.385982
-80.85,416,568.608387
-67.328571,391,568.824868
-82.614286,399,570.102838
-149.207143,409,570.415153
-99.264286,373,570.65706
13.5,335,570.878896
-137.714286,387,571.097625
-150.978571,441,571.323058
-51.778571,412,571.541638
-25.828571,401,572.777748
-112.828571,442,573.089625
-129.057143,357,573.322675
-131.607143,465,573.570023
-33.478571,449,573.802618
-110.864286,434,574.027009
-76.778571,401,575.272517
-94.507143,446,575.595248
-38.635714,345,575.834633
4.721429,346,576.05661
-86.264286,391,576.275036
-72.464286,446,576.508292
-113.778571,391,576.719715
-64.214286,403,577.963469
-8.4,459,578.289008
-33.328571,356,578.52751
-0.05,454,578.777556
-86.878571,425,579.005033
-14.9,376,579.215906
-134.335714,373,579.427097
0.057143,356,580.668962
-74.321429,418,580.977413
-129.935714,541,581.258167
-90.557143,363,581.480484
-134.385714,430,581.707991
-84.278571,389,581.922094
-62.764286,411,583.190897
-97.107143,432,583.51217
-135.821429,425,583.76842
-86.278571,379,584.000012
-36.0,352,584.213837
-24.542857,422,584.432823
-43.5,399,584.649863
-18.528571,419,586.038903
-18.0,335,586.341709
-129.021429,509,586.628573
-111.478571,437,586.878263
-111.457143,463,587.122351
-18.0,360,587.333494
-84.978571,443,588.691348
-78.5,335,588.997127
-88.542857,415,589.254634
-57.821429,428,589.496294
-110.264286,363,589.711074
-66.528571,394,589.923065
-82.764286,427,590.144334
-105.435714,464,591.403107
29.235714,414,591.710348
-3.678571,426,591.959847
-8.828571,370,592.181905
2.442857,396,592.403212
-108.557143,397,592.617024
-91.335714,394,592.830778
-129.778571,349,594.084923
-31.321429,397,594.39058
-9.5,343,594.625193
-116.035714,411,594.860449
-74.65,363,595.071961
-5.828571,394,595.286935
-77.5,359,595.492302
-95.235714,495,596.797973
-122.557143,362,597.0858
-167.814286,396,597.331052
-59.5,343,597.551205
-97.435714,417,597.777272
-10.542857,431,598.000245
-79.557143,360,598.205793
-117.692857,398,599.526368
-93.278571,395,599.82789
3.021429,410,600.079565
-74.335714,433,600.3212
-134.778571,400,600.540868
-42.864286,416,600.762556
-29.5,335,601.953612
-34.0,352,602.257129
-79.5,343,602.503678
14.914286,487,602.759902
9.742857,437,602.989245
0.942857,345,603.193918
-50.421429,408,603.413428
-88.685714,467,604.67278
-45.028571,421,604.986781
-89.385714,391,605.230747
-98.685714,400,605.463227
-83.278571,390,605.685291
10.735714,397,605.902588
-71.5,344,606.104463
-176.971429,392,607.392281
-157.164286,439,607.713516
-158.335714,402,607.95892
-105.557143,391,608.192348
-91.542857,387,608.410001
-93.492857,404,608.62965
-152.914286,398,608.847694
-5.464286,397,610.137662
-2.964286,469,610.456886
-64.164286,400,610.701017
-71.278571,395,610.930311
-51.671429,509,611.172652
-25.028571,433,611.402555
-71.778571,356,612.680913
5.114286,456,613.013217
-147.664286,419,613.263587
-20.0,403,613.499316
-94.835714,402,613.719682
-132.028571,450,613.947219
-73.0,358,615.1963
-79.942857,397,615.516077
-20.378571,393,615.771889
-109.835714,363,615.999578
-70.828571,373,616.218372
-122.264286,390,616.438632
-48.678571,435,616.676202
-169.178571,448,617.918907
-140.692857,403,618.232229
-151.335714,397,618.484537
-112.257143,431,618.728514
-153.478571,433,618.961902
-79.6,399,619.178611
-94.085714,391,619.393333
-33.9,429,620.662637
-30.8,468,620.987144
-78.164286,425,621.241957
25.428571,357,621.466016
-64.892857,390,621.68531
33.192857,423,621.907611
-46.442857,377,623.139271
-104.278571,359,623.449094
-18.264286,352,623.695176
-105.021429,440,623.941815
27.6,476,624.178896
-164.485714,371,624.388051
-15.328571,397,624.603601
-76.0,352,625.873624
-73.0,345,626.177214
-64.278571,363,626.425281
-67.821429,422,626.663395
-56.007143,466,626.900583
-128.057143,376,627.112054
-83.335714,385,627.327209
-89.5,341,628.552422
-48.7,399,628.872756
-3.278571,383,629.125347
-110.414286,400,629.359717
-80.828571,420,629.587176
-113.064286,475,629.822073
-65.328571,418,630.040428
-103.835714,389,631.304968
-31.571429,361,631.605528
-152.114286,400,631.85105
-86.05,479,632.100664
-77.5,349,632.310954
-51.257143,447,632.538453
27.171429,372,632.748771
-17.0,341,634.060752
-160.057143,370,634.359605
-18.185714,393,634.60542
-35.278571,404,634.840038
27.171429,397,635.061988
-132.607143,428,635.284891
0.342857,371,635.493121
-30.028571,398,636.773796
-40.014286,399,637.073047
-109.278571,342,637.308392
-79.042857,409,637.545719
-101.4,477,637.781925
-30.557143,398,637.998133
-54.478571,421,639.222019
-129.907143,386,639.543918
-88.992857,409,639.802189
-51.821429,473,640.053729
-123.335714,398,640.277226
-52.978571,435,640.500411
-14.942857,466,640.73021
24.721429,403,641.989173
-127.528571,494,642.314204
-64.378571,514,642.585044
-92.278571,346,642.799775
-73.057143,400,643.01745
-11.242857,490,643.255171
-9.792857,451,644.541014
25.428571,373,644.83541
-24.828571,457,645.092907
-74.478571,436,645.329374
25.428571,380,645.545276
-76.028571,481,645.780899
25.0,357,647.00451
19.6,367,647.307568
-106.028571,456,647.571543
-91.371429,426,647.814145
-18.0,344,648.022593
-77.607143,427,648.246583
-48.764286,384,648.458629
6.457143,409,649.712359
-89.835714,364,650.011075
-72.607143,365,650.253416
-55.835714,393,650.483581
-56.35,416,650.711801
-124.335714,356,650.920145
-119.585714,409,651.137635
19.814286,401,652.402566
-42.5,341,652.696684
-83.278571,390,652.945273
-51.85,432,653.18769
-72.042857,379,653.40582
-81.5,344,653.612694
-51.042857,338,653.816926
-25.828571,394,655.078046
-105.764286,349,655.373354
-14.528571,407,655.629802
-95.485714,481,655.882837
25.0,344,656.093451
-68.385714,458,656.322844
-58.307143,433,656.552279
-118.821429,414,657.858587
-67.028571,485,658.177696
-5.328571,400,658.419739
-159.75,438,658.656391
-3.635714,435,658.88946
20.492857,399,659.107728
-40.542857,410,660.367003
-79.071429,383,660.673729
-71.035714,438,660.938919
-73.042857,409,661.174377
-105.464286,430,661.404548
-14.335714,397,661.637906
-17.028571,386,662.955614
-152.392857,375,663.271866
-29.557143,383,663.527942
-76.828571,396,663.767328
-17.435714,352,663.984981
15.457143,377,664.198464
-53.871429,468,664.426743
25.6,438,665.640769
-69.5,354,665.94368
-42.942857,390,666.195863
27.492857,372,666.425968
-63.6,390,666.646766
-57.021429,489,666.880619
-82.978571,393,667.094956
-72.821429,439,668.348023
-154.057143,397,668.659361
12.971429,398,668.907461
-63.642857,370,669.133734
-124.907143,432,669.361039
-39.878571,479,669.605779
-95.5,392,669.81823
17.885714,462,671.22323
-115.164286,367,671.516096
-14.835714,406,671.763267
-74.7,391,671.99145
-66.078571,438,672.218418
2.207143,471,672.449133
-20.307143,418,673.734112
2.221429,395,674.042704
-95.778571,377,674.284892
10.171429,370,674.512311
-141.0,404,674.734245
-73.978571,442,674.958336
-52.107143,396,675.173416
-70.807143,499,676.532693
-67.107143,400,676.830799
-65.557143,357,677.066228
-118.757143,412,677.29886
-65.885714,400,677.520998
-78.978571,397,677.736375
-59.178571,453,678.968457
35.535714,452,679.302948
-103.335714,403,679.554316
15.564286,350,679.775066
-42.528571,453,680.007212
25.428571,340,680.210284
-105.557143,403,680.425785
-15.757143,394,681.700561
-71.0,349,681.994976
-56.328571,366,682.239481
-112.5,349,682.466918
-150.278571,346,682.676616
-95.0,352,682.884241
29.235714,343,683.086831
-89.807143,483,684.361375
-138.042857,414,684.679026
29.235714,389,684.932078
-83.714286,397,685.168478
-136.007143,384,685.387254
-106.557143,389,685.600647
-112.492857,404,685.818406
25.0,344,687.072512
-54.571429,416,687.386862
28.957143,419,687.645353
-146.821429,410,687.881543
-72.25,496,688.124016
-98.835714,410,688.343572
-64.264286,386,688.555927
-107.835714,394,689.815618
-104.0,338,690.097592
-19.835714,397,690.34471
-75.171429,442,690.587035
-71.264286,375,690.803443
-144.378571,375,691.013282
-58.042857,357,691.219804
-83.542857,391,692.51379
-41.414286,427,692.825317
-112.778571,401,693.069418
31.557143,439,693.307021
-67.7,391,693.523681
-108.95,387,693.737986
-126.264286,430,695.002618
-2.107143,452,695.332077
-121.492857,405,695.586893
29.75,410,695.821756
-94.607143,441,696.052456
-167.335714,388,696.263806
-112.0,360,696.475494
-62.235714,551,697.769858
-66.728571,470,698.081284
-90.264286,429,698.332865
-102.542857,397,698.559473
-102.778571,407,698.78014
-79.178571,413,699.000822
-101.828571,427,700.298905
-64.7,376,700.600962
27.171429,386,700.848778
-75.678571,509,701.107118
-72.707143,401,701.329936
-92.478571,431,701.551356
-46.385714,441,702.793966
-101.507143,447,703.120061
-55.764286,475,703.390309
-106.257143,400,703.621155
19.392857,393,703.843474
-101.435714,345,704.045321
-90.885714,453,704.270656
-76.042857,358,705.516672
33.471429,430,705.83085
-35.264286,404,706.078584
-78.457143,352,706.300612
-86.0,338,706.509874
-132.278571,351,706.717969
-67.514286,599,707.992663
8.0,352,708.299799
-78.328571,377,708.553184
-99.335714,400,708.79105
14.957143,433,709.02336
-139.085714,414,709.244306
-75.828571,404,709.462347
-95.564286,436,710.723383
-36.9,523,711.064117
16.735714,379,711.305621
-6.092857,433,711.5411
-77.535714,424,711.770139
-129.0,347,711.975615
-52.885714,409,712.193065
-66.1,386,713.552844
25.064286,347,713.849812
-87.0,346,714.085848
-143.55,403,714.32091
-92.9,394,714.540811
0.392857,439,714.766425
-73.471429,422,716.029595
-92.478571,429,716.354538
-59.485714,405,716.616273
-128.542857,381,716.850527
-49.0,338,717.05553
-91.307143,434,717.277206
-71.278571,414,717.498012
-66.807143,481,718.764454
-62.542857,422,719.079719
24.721429,395,719.327753
-102.557143,379,719.55649
-99.628571,396,719.776363
-66.65,432,719.99888
-74.778571,413,720.217428
-59.164286,432,721.4973
-162.714286,407,721.800898
-120.5,341,722.029023
-71.071429,362,722.254817
-99.335714,396,722.478439
-142.978571,430,722.700145
-90.278571,402,723.961874
-14.571429,464,724.305374
-132.335714,358,724.552015
27.192857,368,724.783275
-113.678571,348,724.994204
-52.5,357,725.199447
15.642857,397,725.415271
25.321429,406,726.6532
-155.735714,415,726.979619
-95.057143,395,727.235247
-109.278571,395,727.467145
-80.764286,383,727.686239
-130.057143,383,727.902159
-49.914286,357,728.109582
-92.778571,360,729.309435
-152.478571,433,729.641655
-88.557143,360,729.889807
-164.478571,404,730.128088
-93.278571,372,730.347998
-102.778571,365,730.556505
-82.042857,407,730.774654
-117.5,410,732.051619
31.3,377,732.371588
25.428571,373,732.622591
-154.778571,397,732.858209
-9.5,347,733.069329
-87.557143,409,733.287213
-107.5,358,733.495883
24.721429,407,734.676922
-10.657143,407,734.999433
16.0,395,735.253503
-127.542857,376,735.483669
-114.057143,366,735.699275
-51.228571,436,735.923806
17.492857,373,736.136418
-68.278571,372,737.379335
-5.107143,432,737.711568
-82.042857,406,737.966949
-15.764286,347,738.191939
-13.307143,443,738.424378
-6.164286,451,738.651025
-21.614286,388,738.868147
-101.871429,407,740.116426
25.064286,415,740.430902
-65.057143,388,740.679797
-8.528571,451,740.926499
-2.321429,378,741.143584
-65.057143,388,741.36065
-73.114286,400,741.576151
-113.557143,376,742.864249
-65.828571,460,743.18439
1.671429,399,743.430098
-104.557143,388,743.658914
-39.0,344,743.869057
-21.435714,380,744.082504
-96.278571,360,744.289398
-64.778571,353,745.558082
-16.5,376,745.858071
-76.764286,435,746.11675
-15.521429,418,746.354638
-7.278571,389,746.575414
-99.807143,447,746.803251
-96.757143,437,748.071949
-83.557143,350,748.377916
-144.771429,481,748.656504
-68.935714,401,748.894913
-111.557143,400,749.117983
8.928571,353,749.325303
39.642857,579,749.576513
-86.057143,388,750.83842
-27.464286,479,751.15779
-135.557143,396,751.400461
-56.135714,399,751.632265
-83.1,403,751.854083
-1.5,352,752.059986
25.0,352,753.265196
-86.0,362,753.571038
-48.9,449,753.840835
-81.0,344,754.064726
-114.778571,378,754.286046
-38.528571,505,754.523008
-138.671429,391,754.734986
-126.271429,434,756.044046
-2.0,389,756.351262
-95.028571,400,756.608678
-115.835714,375,756.839536
31.364286,412,757.06568
-159.142857,408,757.285066
-55.657143,392,757.499143
-83.692857,418,758.787956
-79.728571,424,759.105822
-81.057143,392,759.354825
-133.835714,354,759.580758
-73.107143,442,759.815002
-75.085714,427,760.035591
6.042857,483,761.353175
-143.114286,387,761.669204
-74.857143,514,761.955328
-90.057143,373,762.186954
11.3,442,762.419594
-115.328571,374,762.634372
-55.828571,402,762.85333
-151.707143,409,764.156107
-11.935714,350,764.44804
-60.214286,510,764.719948
-85.5,352,764.942159
1.928571,364,765.157278
-49.0,349,765.363481
18.928571,417,765.581214
-79.742857,427,766.863907
-24.0,365,767.155519
-92.5,407,767.407089
1.128571,478,767.657082
-127.828571,461,767.892793
-154.778571,401,768.108048
-139.778571,379,769.358968
-76.264286,440,769.687579
-156.778571,357,769.929194
-42.871429,498,770.185906
-69.55,412,770.408969
-108.5,389,770.624513
-97.5,350,770.829351
-49.264286,401,772.174539
-36.764286,411,772.486371
-103.978571,412,772.736759
-25.978571,411,772.972636
-52.378571,370,773.184445
-98.5,404,773.402138
-91.5,352,773.606827
-161.407143,392,774.917381
-50.571429,376,775.212417
-73.335714,397,775.457755
30.05,409,775.692315
-143.057143,391,775.908481
-172.65,380,776.118287
-13.071429,346,776.325504
13.5,365,777.593088
-44.092857,424,777.903098
-90.764286,444,778.159627
-69.0,341,778.379006
-75.264286,407,778.599103
-30.278571,360,778.809879
-146.778571,389,780.02284
6.5,419,780.349089
-92.45,389,780.602529
-55.964286,424,780.84197
-122.635714,388,781.061119
24.5,355,781.271209
-78.635714,361,781.481214
-122.778571,473,782.825076
-92.107143,364,783.135031
-76.042857,397,783.392967
5.742857,414,783.634336
-89.5,349,783.846988
-48.835714,442,784.076311
-24.0,399,784.294079
-128.778571,362,785.564184
-84.85,398,785.87758
-76.028571,395,786.131
-57.157143,514,786.395181
-16.721429,387,786.613385
-91.635714,346,786.817501
27.171429,395,787.032232
-43.707143,427,788.369491
-12.0,410,788.681334
-139.614286,397,788.926802
-120.828571,396,789.161358
-97.057143,360,789.371221
-75.664286,428,789.595622
-148.128571,453,790.880108
25.0,357,791.19403
-122.607143,374,791.445861
-180.95,441,791.690846
-22.0,352,791.90351
-129.764286,383,792.118833
-100.892857,402,792.337236
-49.235714,415,793.5795
-39.321429,419,793.903267
-26.592857,377,794.152701
-58.5,398,794.388798
0.85,444,794.620547
-103.5,354,794.830494
-93.992857,407,795.047118
27.171429,428,796.31982
-92.957143,410,796.634874
35.771429,469,796.900637
-131.257143,448,797.144873
-52.828571,428,797.376199
-122.1,381,797.589265
-55.214286,470,798.873565
-73.214286,395,799.193213
-124.328571,382,799.444476
-73.778571,397,799.684795
9.171429,375,799.901564
-43.264286,420,800.122924
-129.278571,356,800.330847
-5.557143,382,801.548005
-104.5,344,801.8454
-140.107143,468,802.116466
-90.614286,402,802.348978
-141.0,408,802.571736
-137.057143,362,802.782264
-122.478571,391,802.996826
25.107143,413,804.250907
-81.0,344,804.547021
25.342857,385,804.799626
-96.5,393,805.036894
-52.785714,392,805.25722
-2.707143,349,805.464616
-156.071429,352,805.672534
-97.871429,475,806.921994
-35.664286,467,807.250805
-122.964286,422,807.504965
27.171429,385,807.735984
-11.7,370,807.952264
-80.485714,378,808.166036
-79.235714,366,808.37672
-92.528571,407,809.677374
-42.328571,394,809.989096
-11.414286,458,810.25009
-111.335714,396,810.48564
-146.664286,430,810.712537
-34.078571,400,810.928343
-115.014286,485,812.216119
-82.478571,391,812.525943
-0.742857,449,812.791549
-68.007143,414,813.029097
-96.114286,397,813.250588
25.0,404,813.469027
-74.235714,451,813.693558
-3.5,356,815.005692
26.892857,459,815.32536
-84.421429,433,815.577758
-99.264286,388,815.804508
-65.107143,395,816.021746
9.65,405,816.237702
-74.807143,354,817.441947
-43.678571,461,817.778853
-94.714286,414,818.037641
-16.5,341,818.261542
-145.107143,444,818.494686
27.171429,393,818.709958
27.171429,397,818.928008
9.685714,406,820.16278
-102.264286,359,820.460841
-91.0,410,820.714372
-60.157143,364,820.942577
-21.657143,504,821.187657
25.385714,341,821.391977
-139.978571,426,821.612359
-106.042857,379,822.920157
-131.678571,427,823.236075
-66.514286,406,823.487187
-72.0,338,823.710314
-106.0,349,823.921242
12.95,463,824.14891
-126.057143,398,824.365456
-155.335714,474,825.664229
29.278571,468,825.982274
-145.764286,436,826.232521
-46.478571,449,826.471105
-124.328571,376,826.686562
16.364286,416,826.905708
-93.55,498,828.211867
-131.764286,377,828.509338
20.5,341,828.746878
-119.764286,414,828.987399
-96.821429,424,829.213546
-33.7,431,829.435088
-150.057143,381,830.649846
-66.607143,393,830.964619
-61.114286,363,831.215651
-1.042857,427,831.454919
-95.478571,389,831.673469
-102.835714,394,831.888716
4.892857,437,832.112932
-110.478571,458,833.398741
-147.8,459,833.721543
-161.828571,465,833.984387
-96.192857,438,834.225702
-66.857143,331,834.433815
-87.278571,377,834.646329
-74.414286,448,835.904175
27.3,464,836.243701
-131.764286,410,836.503593
-117.092857,416,836.745395
-67.635714,349,836.954614
-73.878571,417,837.172949
-124.335714,395,837.387186
17.407143,421,838.668881
-77.328571,380,838.977241
-85.042857,415,839.23477
-76.057143,401,839.466867
-76.307143,472,839.701623
-123.764286,430,839.923141
-41.742857,450,841.154994
-80.485714,398,841.47541
-92.835714,428,841.742328
-83.707143,427,841.984474
-82.764286,412,842.208928
-73.0,399,842.425549
-83.028571,400,842.639404
-143.557143,394,843.89622
-89.257143,411,844.21502
-67.828571,381,844.460445
-119.464286,402,844.69548
-128.557143,362,844.909985
-55.385714,396,845.126559
-61.778571,405,845.343065
7.171429,438,846.638207
-58.028571,433,846.955099
-87.2,411,847.206769
-121.464286,388,847.434167
-107.5,374,847.649455
-53.435714,407,847.868142
4.285714,395,849.095869
-124.278571,397,849.414661
-46.4,390,849.670163
25.0,376,849.902115
-104.335714,385,850.121368
-51.542857,403,850.338693
-91.778571,362,850.546994
-81.335714,406,851.777646
27.171429,374,852.092186
-165.264286,407,852.353111
-32.9,437,852.596849
-90.735714,401,852.819056
-59.328571,399,853.034259
35.814286,450,853.259399
-36.028571,438,854.535616
-2.764286,407,854.849369
-84.835714,385,855.097593
-86.278571,351,855.322231
-61.264286,391,855.542347
24.971429,452,855.773267
28.957143,426,855.994802
33.471429,378,857.300605
-77.328571,376,857.603071
-78.478571,358,857.844319
-87.0,382,858.074791
-82.835714,396,858.297016
-97.557143,361,858.507042
-160.778571,371,858.713743
-40.328571,380,860.056425
-9.821429,402,860.374917
-73.964286,393,860.623688
-51.457143,391,860.859289
-65.435714,346,861.071842
-93.492857,405,861.290994
-73.5,344,861.49589
-122.542857,385,862.813292
-50.628571,380,863.123315
-50.192857,437,863.382837
-125.335714,359,863.610177
-103.821429,336,863.818011
-64.807143,438,864.054124
-101.778571,400,864.271879
-146.057143,401,865.565149
-89.3,558,865.917958
-94.428571,397,866.162939
-169.164286,482,866.412007
-153.45,479,866.648319
-40.935714,386,866.859929
11.757143,443,868.112955
33.471429,405,868.418024
-164.392857,393,868.665028
-119.0,410,868.901336
-61.278571,356,869.113908
11.535714,449,869.337365
-85.114286,430,870.600147
-40.0,354,870.914464
-68.778571,401,871.176893
-103.264286,405,871.416307
29.278571,415,871.643375
-148.057143,370,871.853169
-139.778571,356,872.059091
20.692857,448,873.290381
-48.042857,373,873.598766
-77.0,374,873.848631
-18.085714,468,874.099397
-76.264286,411,874.325088
-92.057143,360,874.531973
-40.028571,399,874.748874
-91.278571,397,876.023287
-90.457143,400,876.339459
-47.314286,408,876.601848
-102.957143,421,876.840012
-44.971429,407,877.065202
-133.571429,355,877.272103
-82.957143,407,877.489596
-88.107143,432,878.787718
-73.0,372,879.092632
-91.307143,445,879.348826
-90.042857,379,879.580404
-71.5,403,879.806495
-110.092857,437,880.036589
-87.442857,432,881.315361
-133.328571,399,881.63885
37.707143,448,881.906061
-2.0,338,882.129391
-48.257143,539,882.384773
23.471429,464,882.615514
-2.492857,405,882.830841
-156.057143,397,884.120535
-7.571429,351,884.412021
-69.885714,390,884.659648
-22.885714,461,884.908427
25.0,349,885.121852
-91.835714,360,885.332899
-103.107143,429,886.631845
-108.114286,401,886.958347
29.235714,379,887.213105
-81.057143,379,887.44252
-65.607143,478,887.681297
-127.5,404,887.902083
-122.5,338,888.103472
-74.557143,392,889.381193
-62.107143,382,889.701051
21.235714,396,889.95648
-0.942857,327,890.175595
-72.278571,401,890.4015
-43.278571,393,890.618002
-92.278571,350,890.821774
-95.257143,429,892.086634
26.892857,391,892.41115
3.5,338,892.654019
33.471429,402,892.891401
33.471429,401,893.116209
-71.107143,437,893.342834
-92.007143,384,893.557064
-144.571429,374,894.89319
-85.764286,422,895.225609
-61.264286,358,895.471289
-80.278571,397,895.705383
-64.821429,394,895.92558
2.0,410,896.145995
-36.535714,432,896.367931
-121.264286,431,897.649892
3.035714,446,897.978015
-145.035714,387,898.223075
-40.5,392,898.454352
-85.764286,339,898.663559
-64.542857,379,898.87661
-29.5,380,899.086888
-88.0,344,900.345286
-132.5,410,900.659207
0.457143,376,900.909252
-149.778571,404,901.146345
-144.835714,373,901.361738
-139.892857,390,901.572825
-109.835714,387,901.787403
-32.5,352,903.105765
-109.65,405,903.423343
-86.335714,403,903.678133
-110.821429,381,903.909408
-93.335714,373,904.139434
-115.957143,388,904.354569
-56.535714,445,904.578953
-99.057143,394,905.866669
-96.828571,460,906.192836
-150.321429,447,906.449892
-49.435714,352,906.671094
-8.778571,398,906.893166
-148.335714,373,907.102492
-52.935714,347,907.304719
27.128571,356,908.559632
-107.057143,377,908.863671
29.235714,427,909.119406
-56.5,355,909.346001
27.6,389,909.566719
-122.278571,353,909.772166
-105.614286,396,909.987004
-87.364286,418,911.233427
-95.807143,454,911.550626
-110.35,360,911.78373
-26.107143,450,912.027808
-0.507143,391,912.248955
-99.821429,417,912.468269
-38.4,436,913.847653
-98.307143,402,914.186588
-151.835714,347,914.438941
-63.507143,376,914.677315
-148.271429,375,914.898995
-26.642857,544,915.148201
-68.528571,454,915.374504
-95.278571,400,916.750651
-83.5,343,917.048673
7.471429,426,917.305487
-125.328571,386,917.538469
-10.764286,445,917.767517
-2.764286,395,917.984354
-92.557143,356,918.191542
-127.142857,421,919.490026
29.407143,404,919.792368
-161.714286,385,920.037515
-172.142857,458,920.276479
-63.757143,437,920.507539
-74.55,421,920.728174
-87.0,403,922.019946
31.407143,379,922.327114
-107.328571,421,922.587282
-5.25,464,922.836396
-124.335714,400,923.05671
29.535714,382,923.266693
-58.335714,413,923.485954
-121.178571,478,924.787932
-152.885714,406,925.085197
-69.464286,416,925.335634
-25.442857,431,925.574618
-46.957143,412,925.800737
-103.264286,384,926.013748
-95.928571,521,927.320873
-61.542857,353,927.618333
-41.778571,401,927.868055
-74.557143,406,928.102887
-140.25,448,928.336252
-62.628571,407,928.553573
16.721429,360,928.760702
-59.607143,366,930.050137
-101.607143,382,930.347962
33.471429,484,930.612408
-95.557143,352,930.832052
-145.257143,394,931.051738
-80.778571,395,931.266886
-93.0,346,932.488303
-77.0,382,932.808377
4.971429,420,933.076402
-61.957143,420,933.31697
-59.142857,438,933.550476
-36.0,344,933.757552
4.671429,426,933.978678
-44.392857,440,935.250457
-118.5,349,935.55289
-42.0,410,935.810382
-71.435714,425,936.053661
-102.321429,392,936.273536
-133.807143,424,936.499134
-72.4,385,936.71583
-122.542857,382,937.995715
-75.828571,433,938.318782
-82.042857,412,938.570028
-177.392857,502,938.827739
-13.9,384,939.043797
-128.3,445,939.269761
-153.55,390,940.534694
-70.007143,351,940.842059
-52.957143,391,941.099035
-92.085714,407,941.336421
-19.935714,346,941.54923
-36.264286,376,941.760882
-36.885714,382,941.97171
-65.0,398,943.244372
25.9,456,943.579907
-139.835714,375,943.828562
-71.178571,388,944.063152
-107.964286,357,944.276689
-158.335714,402,944.493388
-3.264286,429,944.715808
25.0,352,945.93234
-19.764286,384,946.246544
-98.5,352,946.490058
-10.657143,375,946.720737
27.171429,385,946.942732
-99.2,463,947.173844
23.735714,398,947.390829
-106.042857,397,948.65207
-90.328571,398,948.966191
-49.985714,350,949.208505
-53.0,403,949.447212
-74.607143,408,949.668898
-86.714286,407,949.888573
-40.264286,353,950.095542
-80.5,372,951.326002
-75.778571,395,951.636484
-101.935714,350,951.876858
-62.528571,396,952.111197
-79.778571,407,952.337829
27.171429,401,952.556905
-61.935714,359,952.763536
-5.857143,423,954.0933
-189.614286,351,954.394489
-74.107143,396,954.646466
-67.5,349,954.869928
-166.778571,389,955.090625
-29.328571,381,955.304326
-138.528571,505,955.542174
-92.607143,436,956.832783
-111.764286,347,957.123859
-98.885714,437,957.384719
31.407143,415,957.623532
-110.778571,355,957.83678
-2.0,387,958.052289
