#{"t_start": 1761550294.894062, "env_id": "None"}
r,l,t
68.702555,414,0.615327
51.342116,426,0.897173
64.690764,340,1.145412
60.556417,414,1.411423
52.975845,414,1.681206
39.734027,414,1.949038
62.677086,352,2.200251
52.59777,424,2.471369
-98.400961,2700,3.422412
55.021424,396,3.685996
50.940203,409,3.952765
29.517073,414,4.222054
41.987703,396,4.484396
59.077772,340,4.729751
79.6567,340,6.884318
67.686378,340,7.148087
76.392506,340,7.395493
66.796065,340,7.644764
71.44396,414,7.917579
54.670542,352,8.169225
46.583827,340,8.415309
43.770539,340,8.666397
61.776278,409,8.938981
44.875811,418,9.217127
71.267258,396,9.484549
69.812745,414,9.758136
63.408405,414,10.03385
44.519058,427,10.313991
51.87694,396,10.577487
55.207036,414,10.854359
60.195318,414,11.123934
51.565159,340,11.373764
28.829852,414,11.649933
63.318508,340,11.900797
57.427251,414,12.180336
49.583397,340,14.502098
42.333918,340,14.775219
82.928952,340,15.031027
41.54297,414,15.316251
42.391017,340,15.566509
44.985262,414,15.849508
-76.311189,1128,16.3557
75.438495,414,16.62582
8.173669,414,16.902765
27.48184,414,17.180658
63.1262,340,17.437005
46.873458,414,17.719077
64.953217,414,18.000133
63.456524,414,18.279322
51.114304,414,18.563963
33.200981,422,18.845924
53.384631,424,19.128032
57.306322,414,19.411116
3.210212,416,19.696121
44.024852,414,22.082503
62.498313,340,22.353038
34.41029,340,22.612855
46.336724,340,22.875071
58.718088,340,23.138394
37.062485,414,23.426843
58.545831,340,23.681351
63.760139,414,23.971076
69.459053,353,24.233951
-84.637641,963,24.695865
29.048944,414,24.966264
80.800439,426,25.25497
34.17514,414,25.535946
73.971007,353,25.799965
20.660486,414,26.085849
61.875649,340,26.344396
27.229143,414,26.633705
-152.610597,1497,29.372077
58.40442,340,29.642728
64.61228,414,29.933401
49.025401,414,30.218978
76.380967,340,30.483186
-232.022781,2661,31.4556
81.454546,340,31.701486
23.562747,414,31.987024
43.800833,414,32.271268
31.692459,421,32.557417
23.803421,426,32.846708
33.232079,414,33.130756
33.870953,352,33.394698
52.838187,340,33.654862
91.126778,340,33.919983
19.205827,414,36.330483
37.37908,340,36.613562
68.656708,396,36.906136
-159.596932,2212,37.75009
-193.939028,2117,38.538367
31.010264,414,38.808643
43.207234,396,39.085349
18.387481,414,39.373594
29.124899,414,39.659853
58.546627,414,39.947808
45.011993,340,40.204511
46.97233,341,40.469572
37.984482,414,42.84156
32.679491,340,43.112735
28.252151,414,43.404681
72.196139,340,43.669773
-218.837158,1920,44.473603
58.9818,340,44.718368
50.055089,340,44.982111
40.491654,340,45.250141
45.476173,426,45.548097
-140.049612,2700,46.558829
61.438111,340,46.802677
29.961837,414,49.169291
74.361956,396,49.48092
40.340778,340,49.740735
45.514649,414,50.032198
-122.281618,2700,51.032666
49.686467,353,51.277722
61.511803,407,51.565148
29.750932,414,51.850322
77.819205,416,52.141153
44.913748,414,52.42651
-3.137643,424,52.719431
-109.361488,680,53.099392
55.025936,426,53.380989
59.259213,396,53.662049
76.862744,416,56.09521
70.777589,396,56.396766
-145.088295,1414,57.013058
15.353148,414,57.285508
36.642561,396,57.568832
54.160401,414,57.861331
38.133889,340,58.147437
71.909659,340,58.414767
21.375713,340,58.685347
-191.526459,1475,59.332767
61.111356,426,59.608994
48.394131,416,59.896508
-160.46685,2700,63.030073
51.024695,414,63.306548
54.942496,340,63.573871
55.439863,414,63.872273
65.391602,414,64.163447
9.546145,414,64.452268
33.750488,414,64.745364
63.102822,352,65.015758
49.799632,396,65.305621
-168.368176,2700,66.30883
47.331635,340,66.555637
57.675558,414,66.85111
-236.218134,2695,69.955237
40.297876,414,70.230366
41.534638,352,70.496315
55.923891,340,70.76771
68.971701,414,71.062704
42.264242,414,71.355049
71.364212,414,71.651279
77.435191,340,71.91482
71.035626,340,72.188091
-91.809945,929,72.650263
50.656657,340,72.904753
17.286048,454,73.216441
54.877964,414,73.506834
67.055991,340,73.770511
54.09332,414,76.233169
50.122068,352,76.525205
-62.200615,1069,77.033228
56.659596,340,77.285172
57.100723,340,77.559482
42.983881,414,77.861052
44.559473,414,78.15422
34.323083,414,78.445189
53.001547,396,78.732278
35.152965,340,78.999197
72.143382,340,79.269449
-103.571314,956,79.752033
44.580487,414,80.031467
50.86746,340,80.29278
45.549649,414,80.594892
62.430217,340,80.858898
68.531115,396,81.15375
48.250388,340,81.422368
23.046754,340,83.934629
82.255707,414,84.261991
44.54139,414,84.558329
62.883228,414,84.854227
56.983068,396,85.14782
66.740263,340,85.415459
58.908157,429,85.726895
61.012889,414,86.074366
34.988907,426,86.372342
44.970134,414,86.679509
55.149605,414,86.970115
37.057193,352,87.239066
70.835389,340,87.517775
-149.465314,2700,88.509403
31.171375,426,88.790256
65.160429,340,91.222596
-155.319317,2700,92.23962
-121.096769,1560,92.869486
47.807333,340,93.114767
49.332341,340,93.381239
71.038535,424,93.687058
21.171364,414,93.980074
78.715947,353,94.249058
62.081941,414,94.554329
28.748651,396,94.844437
31.89584,414,95.138741
51.422775,340,95.405355
47.325784,417,97.878935
27.016432,414,98.197827
58.75283,396,98.494515
48.183039,414,98.788227
-130.298493,1292,99.362109
54.193277,414,99.641564
19.81898,340,99.90522
89.479621,340,100.179881
54.697646,424,100.48064
71.628775,396,100.776552
29.496394,414,101.071249
23.522116,414,101.369188
38.608972,414,101.663714
49.576943,426,101.96367
-91.851711,1010,102.454153
79.344646,409,102.736035
57.131829,426,105.27787
-207.097938,1688,106.009017
49.940151,353,106.263089
63.940472,414,106.560833
79.06785,396,106.852262
65.822686,426,107.154935
89.655562,340,107.424197
76.67494,424,107.724888
79.806469,424,108.030807
-135.541853,1498,108.668263
59.618246,414,108.945893
50.483731,414,109.241729
62.677933,415,109.536678
68.881393,341,109.806537
33.696192,396,110.102581
73.767666,340,112.610753
48.909536,414,112.927722
23.415121,340,113.196538
52.921231,426,113.504442
24.479219,396,113.793814
31.684635,395,114.083315
71.255232,414,114.386339
31.050908,426,114.688442
35.21872,352,114.960814
10.428717,424,115.270747
75.281382,414,115.570146
30.156204,414,115.868585
53.95345,396,116.163716
55.003894,396,116.455834
39.977654,414,116.752467
31.06461,414,117.049629
46.496461,414,117.347638
57.96828,340,117.621167
51.952566,341,117.896744
17.269893,414,118.197613
51.893421,340,120.807959
49.712499,340,121.113432
69.122745,340,121.387521
46.90135,424,121.699669
72.032095,396,121.996438
57.742413,414,122.29657
-174.451362,1603,122.970107
71.363058,414,123.247478
56.826437,352,123.521872
67.84734,414,123.824886
64.857526,416,124.123328
-1.828212,414,124.424942
72.317819,414,124.721937
67.709468,353,124.999008
63.6499,353,125.283988
33.205354,340,125.558829
54.312122,414,125.860363
57.884438,340,126.12988
16.463829,426,128.748801
-228.978153,2210,129.633253
66.054414,340,129.889712
36.66786,396,130.182848
63.005299,340,130.454709
45.872659,396,130.757173
61.76988,414,131.056553
31.228223,340,131.322431
30.841505,426,131.639687
23.150038,414,131.93287
45.931352,340,132.205003
-108.236525,1634,132.894703
74.010876,414,133.172368
75.005388,396,135.681329
55.836426,426,136.019632
-245.741382,2026,136.823023
68.984776,352,137.081035
56.712489,414,137.381476
50.287119,340,137.653492
42.629859,425,137.964109
12.903399,340,138.232119
71.345649,414,138.543222
-192.99693,2537,139.486237
15.653401,414,139.760693
66.778977,396,142.253102
18.988488,340,142.552478
68.224661,414,142.860001
-144.713154,2700,143.869321
-237.180388,2700,144.840786
35.510536,352,145.136534
38.588144,340,145.405495
59.199032,414,145.715244
49.437032,426,146.017222
53.192677,414,148.676168
72.686446,352,148.988721
9.626315,414,149.396329
20.880142,426,149.753138
43.318606,352,150.084947
59.484034,396,150.431987
43.174656,414,150.789166
46.995127,416,151.149873
80.648584,415,151.548831
60.369078,340,151.815637
33.585458,340,152.102896
34.771868,414,152.41629
71.039515,416,152.760426
31.582302,396,153.052093
37.534748,414,153.361044
53.176558,396,153.653081
7.621999,396,153.947811
71.128702,340,154.227023
43.34429,396,154.532792
57.744125,415,154.834162
14.934779,340,155.102983
53.490535,340,157.740981
85.588859,414,158.082392
16.623742,340,158.355605
33.919029,414,158.671663
56.053208,414,158.97547
38.990123,340,159.247472
87.322124,340,159.532956
42.518669,414,159.842135
40.745756,414,160.145619
72.889675,352,160.425204
58.910152,414,160.735995
47.653359,340,161.006557
69.579477,340,161.288301
26.054616,414,161.598072
71.880958,409,161.901167
52.440259,414,162.205835
21.915803,414,162.510031
66.810802,340,162.783057
30.329665,414,163.091165
52.285777,340,163.36665
75.661678,414,163.680722
72.418918,396,166.367925
28.779761,417,166.706993
60.78431,352,166.981708
46.018694,415,167.289654
-132.381341,1353,167.895664
40.649186,414,168.18295
78.355721,396,168.480078
-180.209595,1585,169.159761
78.9319,396,169.431114
66.226081,352,169.712521
29.552312,414,170.016099
66.13287,396,170.312167
34.64341,353,170.588549
50.216836,340,170.86189
58.612094,414,171.16975
59.59289,414,171.473353
38.952515,340,174.040813
40.486756,414,174.359459
55.937053,414,174.663604
27.061087,414,174.965528
37.727727,353,175.246572
15.131004,426,175.558732
34.783099,340,175.830663
28.180547,414,176.141624
63.396593,433,176.452284
27.579267,340,176.726587
46.745893,426,177.039662
80.627309,414,177.336699
35.947537,414,177.640572
29.306313,340,177.911421
36.258932,352,178.19963
86.109146,414,178.510539
88.45818,426,178.817994
58.225233,414,179.113655
67.843507,414,179.424245
52.452826,396,179.715725
63.311667,396,182.353962
66.881292,414,182.681727
55.417995,414,182.985865
78.240241,414,183.290159
49.923779,414,183.587023
-143.959758,1148,184.128576
40.549626,396,184.411451
43.581458,414,184.713184
46.680437,414,185.021144
64.065887,396,185.31971
21.407887,426,185.628138
62.386235,414,185.92655
54.788321,340,186.205287
66.617455,426,186.516741
58.535804,340,186.786417
-97.624368,973,187.285789
38.07078,414,187.567846
49.173329,340,190.149235
-180.038432,1526,190.838709
33.210435,340,191.091443
50.574469,396,191.391707
19.348714,414,191.693687
40.673835,414,191.99377
49.076068,414,192.299614
67.140125,414,192.606701
53.023073,414,192.912569
-66.290886,1006,193.405246
46.332791,426,193.695266
22.102448,414,193.999467
34.890851,414,194.30647
29.660679,414,194.607615
76.755253,414,194.913527
74.271853,340,195.183998
55.801186,415,197.808339
78.493264,396,198.124142
50.44815,340,198.403058
73.337201,340,198.687555
45.564321,414,198.996403
40.258818,396,199.293306
35.055032,414,199.597233
52.26732,426,199.914579
69.42633,340,200.18334
29.246333,414,200.490188
-73.866468,833,200.935162
54.427157,396,201.2164
44.061873,414,201.521172
59.820191,340,201.795621
81.236093,426,202.107768
48.893303,352,202.390267
71.023975,414,202.70244
61.113953,340,202.97778
64.43345,414,203.288135
-124.721138,1320,206.26072
54.458303,352,206.52377
36.275027,414,206.832803
52.242466,414,207.139992
58.831605,340,207.412646
63.294899,414,207.722764
75.933731,340,207.996393
33.690693,380,208.293234
61.2968,414,208.603291
54.100872,396,208.90178
66.322303,340,209.17891
74.72075,397,209.48219
72.504001,340,209.75979
76.528164,340,210.038943
66.715969,340,210.322614
63.616505,340,210.60398
64.341939,340,210.888989
82.292118,414,211.202003
57.656094,414,211.504436
45.669503,352,211.781934
40.357548,414,214.463338
52.569794,340,214.754774
44.589832,414,215.065983
-46.420562,490,215.400538
41.693835,340,215.670605
45.673428,396,215.977853
66.599843,340,216.253449
42.272589,426,216.567016
71.823092,409,216.868403
91.652758,414,217.173651
34.612044,414,217.480067
46.928472,426,217.793333
51.511506,414,218.099713
50.504259,414,218.409815
-114.146316,1065,218.923336
67.495986,426,219.212774
40.416528,414,219.514838
64.399454,340,219.788443
53.82455,340,220.071208
79.084579,414,222.724686
63.001732,340,223.001253
32.439105,414,223.313218
52.055304,426,223.622831
59.826745,340,223.89371
51.726863,340,224.16901
47.419371,414,224.480544
68.89279,340,224.754818
85.200477,414,225.064408
60.624951,414,225.364803
50.412314,340,225.641859
58.100323,414,225.954157
57.808189,409,226.257749
20.654889,414,226.56712
66.710144,414,226.873669
-170.544475,2700,230.198515
48.213207,414,230.502404
53.261623,340,230.782064
54.808882,414,231.092681
-115.066226,2700,232.120605
47.18324,340,232.372979
70.438935,340,232.653626
61.245882,340,232.932879
56.303832,414,233.245511
75.221422,414,233.550099
65.680392,351,233.823282
54.735841,340,234.097898
-107.275095,1118,234.637537
58.971099,414,237.189414
-230.900577,2700,238.236033
37.332775,414,238.518134
76.202598,414,238.826646
69.646762,340,239.099921
44.970384,340,239.380315
51.9111,352,239.662106
51.598439,396,239.965358
67.879799,396,240.266172
49.936397,396,240.564923
49.583971,396,240.860093
49.839548,414,241.163971
60.743261,340,241.435947
-124.665928,2700,244.754783
53.425898,414,245.042143
93.648309,414,245.348307
50.398796,340,245.621424
58.276979,396,245.922131
51.011634,414,246.230431
49.501559,340,246.513483
65.015211,340,246.795601
65.940937,426,247.109682
76.433648,396,247.407471
70.455163,414,247.714486
40.633264,396,248.00973
55.477156,414,248.318803
56.195134,340,248.591998
85.568194,414,248.897195
48.625738,426,249.21003
67.360706,340,249.48088
61.078883,426,252.100635
61.780662,340,252.384193
64.175685,414,252.696379
61.491478,396,252.997276
73.48259,414,253.297983
55.068244,414,253.602338
86.35421,414,253.912282
58.048492,426,254.228315
81.591507,340,254.505031
37.17285,414,254.814803
42.122034,414,255.116306
60.180483,426,255.428583
78.159746,340,255.70203
55.556133,414,256.01083
69.955115,353,256.288321
36.094198,340,256.57207
49.241587,352,256.855846
65.935338,340,257.13553
59.609329,340,257.417834
57.177688,414,257.731448
43.532875,414,258.032515
75.579177,426,260.732754
-207.090999,2700,261.764188
42.40606,340,262.013277
62.64916,340,262.291261
59.832526,352,262.574843
72.679245,396,262.880867
79.911756,352,263.163143
40.784574,414,263.475073
44.704675,340,263.746146
56.968129,340,264.030021
60.628828,396,264.337291
63.037816,352,264.61704
42.660584,340,264.898216
73.124599,340,265.176937
44.92621,340,265.455381
68.150139,396,265.765158
54.612952,414,268.380777
42.292129,340,268.65916
71.579776,340,268.945281
59.329331,340,269.229639
48.525166,414,269.541337
72.636207,340,269.816797
20.524488,414,270.132863
46.60839,409,270.432052
55.401446,426,270.746688
73.071403,416,271.051125
71.682375,340,271.32332
45.793381,340,271.611268
55.95485,414,271.92058
61.665707,340,272.195917
-108.395931,1293,272.807015
46.125875,340,273.067913
70.857103,414,273.377708
56.916724,414,273.679576
53.281799,414,276.308105
60.440908,426,276.651761
60.424727,414,276.953652
47.817335,414,277.266115
86.064877,414,277.565093
41.708522,353,277.838855
53.486678,340,278.120505
52.369498,414,278.435161
66.568875,340,278.716729
-129.35004,1543,279.391508
-183.076444,2700,280.381224
68.490083,340,280.631455
56.264178,414,283.150545
72.430744,414,283.48959
90.741973,414,283.792701
58.287251,414,284.09669
85.247004,340,284.368804
73.534546,340,284.651783
71.935276,352,284.944288
29.759774,414,285.255231
42.922564,352,285.534323
72.824976,340,285.819098
-112.901555,804,286.263321
34.646942,414,286.548696
58.077422,414,286.857078
71.462798,340,287.131307
66.099616,414,287.441055
38.930485,396,287.740296
43.101218,414,288.053007
20.642268,414,288.35803
33.055853,414,288.66235
32.348047,409,288.966285
77.396232,340,291.625096
43.890376,352,291.933376
43.055335,352,292.224975
57.607809,340,292.511178
49.973809,414,292.826586
45.193347,353,293.108389
65.375991,426,293.424413
53.645735,396,293.723974
67.564763,414,294.037294
61.701315,414,294.344662
61.544315,340,294.618669
48.442668,426,294.941176
55.711076,414,295.245411
80.170794,414,295.548798
49.338052,424,295.854089
72.469752,414,296.160981
56.255403,414,296.464064
37.010501,414,296.772529
30.946465,414,297.082856
79.168891,396,297.381878
71.949199,414,297.689804
53.191842,414,300.395218
65.915262,340,300.68197
50.355758,426,301.000112
45.735981,409,301.302152
59.593024,414,301.608044
72.924801,353,301.885739
53.848357,426,302.203726
71.079649,340,302.482571
43.040013,340,302.764437
14.994136,414,303.077898
95.125006,414,303.382556
59.639252,414,303.694468
58.773622,340,303.971045
52.982145,340,304.254475
71.506314,414,304.567862
26.937011,414,304.87036
36.811136,414,305.170547
34.070856,396,305.471466
6.942363,414,305.773964
24.574161,414,306.082862
62.709445,414,308.790165
-138.073114,1626,309.508269
31.641398,340,309.770852
98.316911,414,310.085836
79.564224,414,310.394993
82.892125,340,310.677844
70.102444,340,310.953997
22.829184,414,311.26598
69.997596,353,311.545612
57.862926,414,311.85643
78.100738,340,312.140492
-269.62944,2700,313.179288
63.455708,353,315.693625
58.468007,340,315.998534
58.322664,340,316.281475
51.832555,340,316.564633
84.55311,340,316.846815
83.378568,414,317.16309
65.709453,340,317.443928
69.538854,424,317.762908
66.040741,426,318.067978
78.18102,414,318.380199
-154.920133,1737,319.110582
60.19437,340,319.365094
89.563434,414,319.675217
52.304989,396,319.975802
45.414932,414,320.284435
35.510618,426,320.593919
67.496342,340,320.869959
66.298922,340,321.151941
64.999587,340,323.818013
72.803417,396,324.152066
76.888676,340,324.438394
54.751399,340,324.725651
64.953743,340,325.006092
65.610606,396,325.315787
71.58256,414,325.622061
75.047924,414,325.923172
42.027651,414,326.227642
-225.827091,2700,327.278624
59.244398,414,327.559319
-127.99865,1461,328.199229
65.700323,340,328.452713
35.958787,396,331.040249
63.305905,396,331.350359
90.748686,396,331.649511
33.09112,414,331.962209
44.658579,414,332.268425
71.649363,340,332.541067
48.767716,414,332.84927
59.867802,340,333.130853
66.252108,340,333.415617
-207.342545,2700,334.442095
65.370199,414,334.728114
65.157659,414,335.03028
75.400953,340,335.303262
67.727245,340,335.582863
61.729648,340,335.864258
82.690098,414,338.483408
57.455648,414,338.803712
64.757476,352,339.083214
59.553167,340,339.367766
19.065334,409,339.678487
62.492158,414,339.975798
37.923679,414,340.282899
66.047064,409,340.582285
-60.134858,485,340.911345
57.219817,426,341.220655
79.10273,340,341.496696
-301.034958,2575,342.479455
40.508922,340,342.733167
58.533833,396,343.041475
62.235399,414,343.342511
-82.206055,649,346.050165
58.980828,340,346.317596
46.267805,414,346.628685
75.902833,396,346.929288
51.023654,340,347.206391
78.998316,414,347.525123
54.955248,340,347.800742
29.274809,424,348.120004
67.113602,414,348.422563
36.103147,340,348.701733
73.223256,340,348.984764
58.231964,455,349.315757
25.083878,409,349.624131
61.473832,414,349.927763
57.330782,340,350.203804
70.339046,426,350.51885
71.680051,340,350.790311
46.431338,352,351.07929
43.190986,414,351.390199
46.567063,396,351.685732
56.971108,396,354.393672
25.92812,414,354.723079
61.550337,409,355.024607
64.924691,414,355.334798
48.549588,340,355.610508
44.335636,414,355.921741
42.891648,396,356.219796
53.161804,340,356.495871
83.65659,414,356.81465
62.295755,414,357.123762
74.045102,340,357.397393
69.564864,340,357.685966
61.89177,340,357.966726
88.348373,396,358.277794
41.698011,340,358.55894
47.641006,340,358.838061
68.310117,340,359.122601
72.582811,414,359.433078
62.782875,340,359.714161
44.844006,414,360.026487
68.569625,353,360.308329
74.66625,340,360.594051
56.060061,416,363.350202
34.644977,414,363.670792
86.798772,414,363.982994
64.4019,414,364.294988
57.708172,352,364.575738
18.743813,414,364.885603
65.407579,340,365.166843
70.535563,414,365.480108
73.134176,414,365.788522
63.609845,353,366.06946
61.528666,414,366.37678
53.557848,414,366.688243
61.093874,340,366.965503
44.550361,426,367.282269
50.365174,340,367.55625
-251.288593,2112,368.409427
41.990421,414,371.029298
44.27639,353,371.334921
57.886648,414,371.649048
75.69447,426,371.952682
55.594086,340,372.228176
84.338327,414,372.543791
38.771345,340,372.823409
71.449957,414,373.143293
81.903205,340,373.428556
-182.796199,2700,374.456721
72.748551,414,374.740646
54.25578,353,375.024412
43.622619,414,375.332169
20.78587,414,375.636032
81.020543,340,375.908663
-101.358987,853,378.758139
34.389567,396,379.052065
38.18126,414,379.353657
59.358229,415,379.663242
80.629988,426,379.975505
40.300982,414,380.2859
46.991997,341,380.562256
69.765146,414,380.877507
-192.003599,2700,381.905412
72.280021,340,382.160739
32.683427,416,382.469759
70.617914,340,382.744969
51.922565,424,383.059206
53.197997,449,385.665449
38.68511,414,386.007211
41.518599,340,386.282403
33.773017,341,386.570383
29.697977,340,386.852128
81.557919,414,387.168336
72.128771,340,387.445062
52.439865,340,387.724733
59.218711,340,388.007963
26.40375,396,388.31504
55.486592,414,388.62891
-196.944679,1857,389.379529
44.672806,424,389.666799
54.500658,414,389.973508
65.602119,340,390.254493
-196.906436,2700,393.640825
64.132765,340,393.904807
77.180407,340,394.189056
38.451908,414,394.49947
56.893513,396,394.801966
-210.805179,2301,395.698643
46.795177,426,395.981836
28.382485,396,396.27434
70.581538,340,396.549794
34.63601,396,396.857763
39.256855,414,397.164471
50.458902,414,397.47309
47.906312,414,397.778169
57.537546,396,400.361458
66.82392,414,400.688021
73.548478,340,400.965411
69.16649,414,401.273981
88.961706,352,401.551801
40.944747,340,401.836307
67.985233,414,402.154474
70.348726,414,402.462737
-159.91339,2154,403.313686
71.561951,414,403.596075
-125.693658,2700,406.815041
66.742457,414,407.156507
50.890549,414,407.462317
48.812553,341,407.742208
52.849539,340,408.027477
53.6812,414,408.340141
57.536408,340,408.619865
69.098565,340,408.903889
68.818552,414,409.218204
49.17073,340,409.49027
56.52268,414,409.809491
14.344917,409,410.109133
56.777307,396,410.41345
60.390716,414,410.725044
-146.309799,2700,411.742648
28.092829,414,414.326972
53.604043,414,414.669805
55.471732,340,414.944402
53.911866,414,415.260733
49.232628,396,415.561479
57.996564,424,415.879849
67.211449,414,416.18472
55.524948,414,416.492674
49.58634,426,416.808606
74.252312,341,417.085952
60.269522,414,417.394645
82.843961,340,417.670488
86.604478,396,417.974025
49.099504,414,418.278909
46.094807,414,418.589065
57.451863,353,418.875
75.560367,353,419.163126
57.504225,414,419.483146
46.943516,414,419.791968
51.471354,396,420.094119
45.178289,340,420.375141
43.663617,414,423.101997
35.022933,415,423.427523
27.699258,414,423.733259
39.830015,414,424.037148
72.313269,426,424.349906
55.704386,340,424.625692
73.647575,414,424.938923
44.509031,414,425.241229
40.361777,341,425.52171
-175.116913,1519,426.195212
44.913977,396,426.472441
65.004433,414,426.778399
64.99212,352,427.056311
55.717957,340,427.339195
44.540623,340,427.623227
45.68765,414,427.930237
45.875927,414,428.238702
55.77213,414,428.543461
36.840147,414,431.208063
35.837085,340,431.500113
53.263968,340,431.782938
56.058274,396,432.095631
53.686202,340,432.373277
36.610838,340,432.657592
-182.718592,2700,433.67342
65.887256,340,433.926859
38.918239,414,434.238055
47.325136,415,434.54223
23.648296,396,434.838952
67.250864,340,435.117481
-115.468164,514,435.462615
66.095891,414,435.760529
38.818765,396,436.060741
63.014358,340,438.675518
44.10271,414,439.000155
64.190082,340,439.277739
26.315019,352,439.564499
42.098908,426,439.88292
61.870983,340,440.161222
46.094615,414,440.476518
45.050881,414,440.780471
19.152273,396,441.080451
79.365475,414,441.392742
13.434167,340,441.668768
-118.174665,861,442.137911
66.918704,396,442.423142
38.286955,396,442.720944
49.593754,414,443.026974
2.935373,414,443.336874
81.017777,414,443.639878
32.978566,396,443.946472
55.99483,424,444.254249
39.974106,414,446.955159
55.7999,340,447.260471
67.964619,340,447.545943
37.772398,340,447.831581
59.613711,414,448.150818
63.255671,414,448.454459
19.409036,340,448.73691
32.724783,340,449.02194
69.151177,340,449.300474
62.199114,409,449.610922
32.929047,414,449.92226
76.738618,340,450.201653
-207.041971,1414,450.84224
45.030246,414,451.126093
72.204195,340,451.403301
66.840541,414,451.715253
46.432268,340,451.9909
17.033485,340,452.2799
38.019816,396,452.585765
64.741366,414,455.280059
-125.70169,1074,455.839212
48.078444,340,456.099661
37.258696,340,456.38755
27.033202,396,456.696385
-9.577176,414,457.000995
75.716125,340,457.283504
47.279477,340,457.570912
61.377648,340,457.855833
-221.280487,2700,458.893101
48.025948,353,459.15482
-1.542656,414,459.462669
50.672614,414,459.770859
72.658516,414,460.07347
58.737896,414,462.743707
56.066437,340,463.044745
50.291497,340,463.341365
51.196021,414,463.667631
27.416435,414,463.987775
-166.339329,2700,465.047511
72.696833,414,465.327792
58.903549,396,465.622541
42.625105,415,465.933361
71.346768,414,466.24737
45.109671,414,466.560411
40.15236,340,466.84175
61.735699,340,467.129387
40.461535,414,467.445691
33.346424,414,467.756276
65.639729,352,470.47098
72.628101,340,470.788003
48.430284,414,471.115037
37.447185,396,471.42995
48.604802,340,471.720453
77.110423,414,472.046005
5.166291,396,472.364111
60.940049,396,472.676908
58.355517,341,472.972459
65.673718,426,473.303705
50.068462,414,473.62459
61.14317,414,473.947099
9.403021,414,474.270767
68.317989,352,474.566964
39.762675,414,474.892798
34.296143,416,475.21942
41.812142,414,475.533253
92.527772,409,475.85554
44.229021,414,476.178238
31.113301,414,476.496733
76.771459,340,479.393572
36.511502,426,479.764641
62.904502,414,480.090856
56.691433,414,480.41362
70.128051,414,480.72991
-166.61641,1560,481.434999
74.440416,340,481.688909
69.866358,414,481.995403
44.813453,353,482.276663
20.339638,340,482.557668
-205.192468,2700,483.601364
70.722548,341,483.85454
71.763828,414,486.490771
44.006027,340,486.825239
70.671745,341,487.143822
59.719274,396,487.474923
67.720189,396,487.802361
59.989804,340,488.104515
66.544053,352,488.413021
79.417116,414,488.747953
74.331845,341,489.051258
51.294225,414,489.382299
62.47641,396,489.697617
51.776969,396,490.016287
18.53324,340,490.310064
41.876098,414,490.636347
63.294865,340,490.932214
58.553377,414,491.259543
-221.538332,2666,494.719916
-199.987863,2700,495.806494
31.308201,426,496.092467
61.520735,352,496.361292
39.888702,414,496.666709
59.686462,426,496.973588
43.573944,353,497.25037
-123.529067,1500,497.901781
35.049328,396,498.185115
30.220221,414,498.487903
45.765484,414,498.792029
56.731,414,501.533294
51.362504,396,501.903155
67.343414,433,502.249934
70.874826,414,502.572239
86.230034,352,502.872059
57.835393,352,503.172769
52.18362,340,503.471282
59.018317,353,503.77438
62.398914,414,504.105463
58.392649,340,504.402196
44.709975,340,504.70012
-172.925195,2700,505.780291
66.141993,414,506.060492
39.440298,341,506.338313
44.048494,414,506.648487
70.619791,414,506.949529
65.933855,414,509.787332
58.572543,414,510.11851
59.047364,415,510.445191
51.634073,340,510.741159
70.084854,340,511.037078
19.468027,414,511.365771
53.258779,414,511.683595
-119.369173,1138,512.272901
52.50528,414,512.561354
66.884346,414,512.868905
72.755714,414,513.175778
51.186786,414,513.483424
12.501437,414,513.798272
-218.543085,2700,517.287656
46.058412,340,517.579502
36.058339,340,517.877428
76.330624,340,518.179138
43.955417,340,518.482795
46.601565,396,518.803831
42.28377,352,519.106
60.930322,396,519.428162
72.420653,426,519.753206
61.132353,414,520.072761
46.995117,414,520.392492
54.318192,396,520.708485
71.577771,414,521.029029
45.899019,340,521.318122
86.130762,340,521.619512
70.206048,414,521.949072
55.10335,414,522.273855
26.09158,340,522.564949
68.709056,340,522.861018
56.015445,340,523.154528
78.856299,414,523.484604
32.601945,414,526.442464
33.884329,414,526.783083
53.393451,414,527.107416
30.870789,414,527.427247
64.642716,414,527.745109
17.037973,414,528.065092
66.437342,414,528.383192
69.523181,414,528.705858
71.837798,414,529.024305
24.261446,414,529.345382
42.181438,414,529.667602
65.524622,414,529.987016
24.431749,414,530.303898
76.408127,414,530.624656
87.228026,414,530.945033
-185.059974,1991,534.191106
59.334482,409,534.561641
73.92931,340,534.863728
49.707991,414,535.191375
61.920144,341,535.489313
59.753249,340,535.785603
73.790051,416,536.117822
77.379208,414,536.434844
66.083135,396,536.748789
38.355373,340,537.039216
56.119196,340,537.338554
37.82132,415,537.668037
66.861714,414,537.990843
48.506144,396,538.302566
54.657357,414,538.619768
36.786445,414,538.939927
-173.935519,2520,542.352582
67.665593,426,542.705561
-216.668118,2463,543.69241
37.657908,414,543.967448
-125.93555,2700,544.988465
52.51092,340,545.244797
71.00296,414,545.552624
10.354791,414,545.847321
65.840692,414,546.146102
-238.385775,2700,549.529368
70.047758,352,549.787825
60.229405,353,550.066543
65.259086,414,550.370908
64.411555,414,550.669932
51.087161,340,550.942231
47.551625,340,551.222906
45.522885,414,551.533713
52.953324,414,551.835591
45.709788,414,552.142308
29.478007,414,552.444458
55.277674,414,552.752256
40.786786,340,553.030274
70.611365,340,553.318756
40.06674,414,553.647623
57.77388,340,556.515273
51.5414,340,556.855383
41.957537,414,557.191071
-252.636575,2700,558.240207
65.240789,340,558.495316
66.905507,340,558.764974
59.81211,414,559.066925
39.097656,414,559.374153
25.792158,414,559.678552
87.0341,340,559.95061
32.308181,414,560.261094
41.068116,340,560.532577
58.452417,352,560.820395
77.697174,340,561.097307
42.563825,414,561.403144
44.197118,352,561.681289
54.562051,340,564.570714
-176.118628,1893,565.438777
-177.074871,2700,566.423617
67.888526,414,566.707148
43.922864,359,566.984115
62.131173,414,567.28699
42.942925,396,567.587506
58.405971,340,567.868864
53.889611,340,568.146876
76.550081,414,568.455601
-119.195137,2177,571.736981
64.265014,414,572.022499
62.212512,340,572.294589
68.672801,340,572.575287
62.124831,340,572.877654
74.764855,415,573.194188
3.224805,414,573.50544
66.113557,340,573.789646
39.807609,396,574.110789
-168.694435,2700,575.167537
55.570843,414,575.450011
46.891698,353,575.722722
53.260658,414,578.358891
84.412477,396,578.696844
43.93494,340,579.000148
78.123369,414,579.330803
52.953691,414,579.661521
63.560641,414,579.98804
60.656707,340,580.27459
84.462276,340,580.57124
77.417687,414,580.897127
77.941952,414,581.217638
78.196342,352,581.511558
44.933423,414,581.836913
55.466383,426,582.164045
70.469494,396,582.479605
65.950055,414,582.799366
40.299654,352,583.092179
62.308454,396,583.41123
40.65709,414,583.730332
64.554461,414,584.054577
74.499257,426,584.380673
-117.25349,905,587.491721
-176.201311,1644,588.211295
35.848244,414,588.495696
70.094003,396,588.792914
68.758356,414,589.093566
28.858042,353,589.373259
62.430901,414,589.678967
36.663461,396,589.979709
52.955232,414,590.285559
1.481355,396,590.590215
74.970703,414,590.90388
46.412681,340,591.191765
51.101942,340,591.486458
24.251544,340,591.785315
52.266745,359,592.094326
60.586797,414,592.424356
59.686405,340,592.718887
51.458969,340,595.571529
72.173938,414,595.920858
10.385485,340,596.217682
66.565015,396,596.534125
81.197374,341,596.823144
-109.308998,1457,597.514187
32.957696,340,597.771942
39.957492,416,598.07993
42.445874,396,598.381668
41.374236,396,598.680716
41.606637,414,598.99194
52.265507,340,599.269668
37.448343,426,599.589063
13.111905,415,599.908228
79.552565,414,600.231385
64.259234,414,600.555164
21.042594,359,600.850895
75.190638,396,601.171497
66.877522,352,604.060604
45.910429,353,604.387828
47.866357,414,604.724543
45.382585,414,605.048048
52.942356,415,605.365536
59.573406,340,605.653861
61.415281,359,605.952996
65.50522,340,606.244998
24.323805,341,606.538711
47.652983,340,606.835887
65.015029,340,607.137626
82.896578,414,607.464386
58.249585,414,607.785256
59.349857,352,608.079449
-76.203481,787,608.55085
54.102075,340,608.81525
44.152349,352,609.106249
65.844862,341,609.402401
62.350133,396,609.71892
101.391828,414,610.040673
56.874411,414,610.362071
52.560084,414,613.290759
55.284328,340,613.589844
69.552365,396,613.907428
49.712079,414,614.233336
53.793237,340,614.524987
76.294538,340,614.822014
39.665997,414,615.154436
55.992098,340,615.444402
59.194015,341,615.742531
66.039335,414,616.068087
24.759362,445,616.407505
62.426231,396,616.721244
96.119352,414,617.041132
70.462295,340,617.334476
47.282281,340,617.628696
20.53069,414,617.954064
73.711031,340,618.25209
76.399747,340,618.549844
36.206494,414,618.87871
49.876478,414,619.202157
61.393477,414,619.519812
61.284538,414,622.466915
34.004,396,622.799909
55.439646,340,623.094772
-129.054271,2700,624.175143
66.090286,341,624.42794
57.713445,396,624.72784
50.48636,340,624.999066
63.50874,340,625.27886
25.255561,396,625.57966
67.160438,426,625.889221
45.799972,340,626.156562
29.54479,340,626.434145
71.599503,340,626.716101
44.767328,341,626.99351
72.76033,414,627.303493
61.186422,352,630.187733
78.539728,414,630.566697
49.511748,414,630.900429
58.31341,417,631.229115
65.407705,414,631.546365
64.861586,414,631.862774
70.173912,414,632.178717
28.593324,414,632.497305
76.183187,414,632.81112
61.144438,414,633.132157
51.651261,341,633.42292
66.598017,426,633.754733
64.167935,414,634.073012
61.463316,414,634.391693
70.515834,426,634.717299
83.274675,340,635.007826
52.743228,340,635.304456
63.063081,396,635.626141
55.554281,414,635.952915
63.378207,414,636.273074
80.378385,396,636.591686
56.097909,359,639.522031
41.020119,392,639.854955
78.152875,340,640.155959
45.729605,340,640.450183
77.103825,340,640.747609
-171.014926,2382,641.716855
51.100195,340,641.970128
37.644923,414,642.273311
52.883679,340,642.539777
78.752451,396,642.844579
86.939725,340,643.114008
70.050695,414,643.42214
70.379578,396,643.726095
49.35834,340,644.005749
78.024358,409,644.317841
67.572498,396,644.626604
51.838931,340,647.523413
51.708521,396,647.880916
44.310153,426,648.217389
34.551819,341,648.50841
51.759774,414,648.833832
58.342208,414,649.153835
-119.205348,2700,650.228427
77.468251,414,650.512327
60.569761,340,650.780387
65.613914,340,651.054691
62.460379,414,651.364481
42.018067,340,651.635598
60.401827,340,651.915691
78.318931,426,652.227743
54.334949,414,652.528823
61.344492,352,655.300422
58.165128,414,655.671257
53.779146,414,656.000853
84.337613,426,656.328206
57.584849,396,656.643348
62.747838,340,656.934896
63.317119,414,657.255038
70.510737,414,657.573179
71.520192,340,657.863766
45.153246,340,658.155609
62.78357,340,658.453589
63.481931,340,658.745903
50.143323,396,659.069669
78.733465,414,659.392654
64.641759,340,659.680191
48.359012,396,660.006206
53.528691,414,660.331247
50.14998,414,660.651574
48.525233,396,660.965417
59.118601,340,661.257597
62.188533,414,661.584434
86.030261,396,664.5135
67.149415,341,664.839216
62.85626,340,665.1458
49.456466,414,665.477125
35.193311,341,665.76846
58.537192,340,666.065956
61.044423,340,666.362512
62.271804,414,666.692568
59.466923,340,666.983221
60.913657,426,667.316364
62.997986,414,667.635029
41.610842,414,667.951442
68.469171,414,668.266692
50.190095,414,668.592288
66.393214,340,668.885195
80.050285,414,669.214048
66.263672,414,669.534364
63.981434,353,669.829213
-149.406916,1357,670.48534
65.622643,396,673.2758
-197.248154,2700,674.358115
72.732632,414,674.636893
67.025645,352,674.91404
68.250926,353,675.193224
78.227188,414,675.496311
54.460456,340,675.772946
57.230364,340,676.055823
-90.129239,881,676.521605
83.942034,340,676.774865
43.259397,415,677.081816
48.230463,396,677.382922
26.207858,340,677.658174
55.945969,414,677.967846
73.571387,426,680.883705
61.050561,414,681.234179
38.389385,414,681.559668
23.439415,414,681.880403
79.355356,414,682.200262
49.4965,414,682.515849
48.9717,341,682.802534
74.635635,396,683.119949
53.473063,355,683.418536
76.903061,414,683.741466
38.14293,340,684.030348
66.51924,340,684.322746
53.523795,353,684.627122
25.815154,414,684.951846
66.336682,396,685.266246
23.33506,414,685.588186
54.244841,414,685.910394
33.029103,340,686.199289
53.6057,414,686.525278
80.383303,414,686.844798
47.30244,414,689.765059
-229.397336,2429,690.81398
51.881208,396,691.089816
73.879528,426,691.386991
53.940053,341,691.654649
57.654681,340,691.932424
26.028923,414,692.239029
73.909417,340,692.516893
56.595879,340,692.799299
59.01809,355,693.086461
60.181646,426,693.404682
53.061437,414,693.71633
64.576341,353,694.001803
64.553238,416,694.332999
83.604638,340,694.632661
89.286512,396,694.963473
42.698661,414,697.852303
54.889881,414,698.225486
55.568166,340,698.53398
82.547569,414,698.859431
53.564798,396,699.175729
62.21297,340,699.468647
75.058524,414,699.790375
40.666748,340,700.081542
49.905919,340,700.374656
30.381147,340,700.672463
66.791323,414,701.010022
57.212389,416,701.333995
61.526304,414,701.654909
57.294455,426,701.978758
48.142238,396,702.297636
-231.056676,2574,703.325723
58.874033,396,705.967178
46.800415,414,706.309225
71.571019,414,706.643091
52.862464,414,706.972898
49.589841,414,707.302513
86.916814,414,707.62291
68.939115,396,707.940907
62.218931,414,708.273984
52.07955,340,708.564664
70.465365,414,708.898029
66.628673,415,709.222964
61.26297,414,709.547249
42.402169,426,709.87877
31.835463,340,710.171279
57.46333,340,710.467205
66.822845,340,710.761439
22.647261,414,711.090432
27.440919,414,711.417906
46.5708,352,711.713533
56.516582,414,712.039637
45.44957,426,714.98523
54.285472,340,715.316184
59.252069,340,715.620142
90.875987,414,715.949767
61.275924,414,716.271819
63.078731,396,716.588248
66.739887,340,716.878898
70.224312,414,717.203189
20.889113,340,717.491425
60.45242,340,717.788195
37.809101,355,718.089589
36.876037,352,718.39653
7.922705,414,718.723338
-183.721629,1775,719.506349
55.740072,340,719.758976
-193.416943,2700,723.314547
13.901272,409,723.600005
41.80928,340,723.878421
96.789799,355,724.16694
71.503131,352,724.466706
49.807255,341,724.763913
46.54506,415,725.091752
61.180685,414,725.412429
63.931207,414,725.734723
75.924995,414,726.104309
65.227098,414,726.421007
43.007843,414,726.743995
53.091123,340,727.033442
32.817696,414,727.355861
75.538543,414,727.675017
72.419585,426,728.005258
70.143182,414,728.326455
74.221833,353,728.61912
53.983752,414,731.527297
27.025278,414,731.873618
86.805583,414,732.198607
67.654006,414,732.51693
67.47256,414,732.837171
57.046514,414,733.153101
63.229313,340,733.44224
66.262613,414,733.767374
74.839231,340,734.054116
54.404396,396,734.37574
46.259471,426,734.69958
63.304024,414,735.018065
35.192528,414,735.334359
71.608478,396,735.64848
45.159787,340,735.94341
39.441398,414,736.270268
-179.866078,2700,739.846342
58.001983,340,740.116873
70.452855,414,740.43354
64.871399,340,740.723167
68.83215,340,741.021021
36.525328,353,741.322793
49.920665,414,741.645103
65.295577,414,741.967317
60.857257,340,742.260142
52.637461,396,742.580174
75.156172,426,742.90683
65.04913,340,743.194424
42.558337,414,743.522615
54.724242,396,743.833662
81.581909,352,744.128965
46.725058,340,744.424186
66.945885,340,744.718955
50.209695,414,745.050216
18.526273,414,745.373218
96.33197,414,745.693585
43.072871,414,748.618138
65.411145,414,748.955435
88.484744,340,749.245921
86.052169,340,749.540275
82.806761,414,749.869097
86.901186,340,750.160061
-198.773574,2222,751.08054
87.954492,341,751.331449
36.537879,340,751.61038
55.616198,414,751.913721
91.399085,414,752.211276
64.252488,340,752.484537
-68.301133,2700,755.96599
78.786271,426,756.263378
58.260728,414,756.57636
59.947229,396,756.89055
46.040811,414,757.209317
41.491834,340,757.497615
35.925267,414,757.827233
43.433558,414,758.143943
74.152715,340,758.440537
17.950348,409,758.762437
76.814276,340,759.054424
37.484853,414,759.383312
46.582654,414,759.702104
56.368773,415,760.019171
-110.402816,2700,763.514456
63.044357,424,763.825043
60.790344,426,764.152338
67.548632,414,764.468415
67.797894,414,764.78382
81.67416,414,765.101518
-148.829461,2700,766.170815
65.607713,340,766.4176
39.721671,396,766.718846
48.250089,416,767.020834
99.940227,414,767.325602
94.71798,414,767.624473
66.322438,340,767.897028
92.053356,414,770.647514
50.593708,427,771.033264
58.868524,414,771.368709
61.938152,359,771.667981
79.980436,396,771.98998
42.96348,340,772.284483
53.137502,396,772.601523
85.247875,341,772.895592
88.60704,355,773.195959
53.974442,414,773.518597
72.075126,340,773.807867
52.078731,340,774.106909
43.970794,414,774.436084
42.783247,414,774.758024
63.029484,340,775.048288
66.437294,340,775.344709
47.679473,409,775.6696
88.928865,340,775.962783
71.703588,340,776.259753
-149.901535,2700,779.930526
88.100759,340,780.193342
77.181018,340,780.468436
82.744362,340,780.752696
77.798559,352,781.04406
85.653475,340,781.338819
73.096295,396,781.659797
59.621339,396,781.978009
-106.769701,1690,782.720125
37.67625,414,782.998392
97.502439,414,783.297259
54.949716,396,783.596785
84.558063,340,783.874756
85.31123,414,784.189709
63.092442,340,784.479173
61.762379,340,787.328487
87.771968,341,787.662584
79.888294,414,788.001585
66.7752,340,788.297433
-202.343772,1760,789.082323
35.125574,396,789.358976
65.355164,340,789.631757
51.429495,340,789.907376
91.229857,353,790.192845
49.459822,340,790.474483
82.170327,414,790.790736
11.4175,414,791.112536
32.621994,426,791.440117
68.904868,414,791.761192
59.17521,340,792.059031
59.143123,414,792.392856
20.578289,414,792.720362
-186.817324,2700,796.462247
57.424831,340,796.71311
89.070915,414,797.018267
57.848933,414,797.321928
51.388006,414,797.621916
61.584404,414,797.924925
60.334512,340,798.198906
36.817173,425,798.518622
53.748081,414,798.829989
86.568136,353,799.128777
39.245115,414,799.455626
58.061902,426,799.786029
40.776871,414,800.113654
41.220153,396,800.43729
80.775162,340,800.731991
52.373178,414,803.642568
54.881784,355,803.99565
52.146102,409,804.334998
34.350397,396,804.65224
54.211808,414,804.968618
41.647276,414,805.284276
46.150031,414,805.600395
59.842986,340,805.886194
76.259385,352,806.188379
85.275187,340,806.486493
61.052734,414,806.815247
67.260612,340,807.106974
81.346939,359,807.4108
49.663991,353,807.711148
61.428414,414,808.036942
91.201077,340,808.333662
85.913007,414,808.658685
43.145675,396,808.978445
56.50255,414,809.311236
64.409331,396,809.629127
79.126196,396,809.949024
-108.849181,1387,813.320769
-73.094034,695,813.713181
72.350391,340,813.984275
68.431423,340,814.272406
31.941895,414,814.597139
38.524558,340,814.885474
60.858307,424,815.214601
85.000504,414,815.532433
66.044833,414,815.852294
60.061316,414,816.174473
67.740453,340,816.465726
53.735796,396,816.786963
57.633841,396,817.107484
37.112349,414,817.430236
32.763927,414,817.750438
87.793892,340,818.049263
89.552114,340,818.352795
30.662825,396,818.672115
63.158782,414,821.594234
46.312674,414,821.959604
82.936162,396,822.28337
63.140313,414,822.606854
61.807027,414,822.931859
74.302951,416,823.257311
23.952095,414,823.57699
66.378326,359,823.879386
51.72413,340,824.175036
20.980265,396,824.498497
73.895262,340,824.796641
60.593912,414,825.127752
79.951893,396,825.443441
12.278502,426,825.769482
71.686338,353,826.071581
39.765333,414,826.396424
60.083728,414,826.71943
67.424981,341,827.014311
58.185682,396,827.340713
50.775756,414,827.661469
52.605389,414,827.989313
47.844917,414,831.001872
20.917728,396,831.340643
61.114531,340,831.636766
76.484455,396,831.962973
32.680112,414,832.285856
80.818095,396,832.599767
52.907428,426,832.930366
85.22755,340,833.222571
30.634456,414,833.5539
58.979542,414,833.878112
51.964946,414,834.20233
51.177737,340,834.495121
79.682815,341,834.792609
53.094283,414,835.126633
86.209085,340,835.422543
61.353131,340,835.722559
51.015496,414,836.057891
74.987166,414,836.387532
72.291649,340,836.68329
79.886879,396,837.004301
-177.890765,2090,840.618939
63.482429,396,840.893483
66.825716,340,841.166443
15.753068,408,841.473751
-105.413667,908,841.973688
37.505713,414,842.263979
51.019239,340,842.546997
46.939971,414,842.874224
88.820729,414,843.20082
35.159351,414,843.526761
41.954604,414,843.854678
43.508268,340,844.151478
89.301404,340,844.458491
51.842072,353,844.763406
59.42947,340,845.066325
28.654877,414,845.397839
68.09645,414,848.305962
47.61259,414,848.667327
-105.307352,857,849.159935
69.010742,340,849.423523
90.543338,340,849.711451
46.351725,340,850.008048
90.95572,352,850.317709
57.204322,340,850.615887
58.047795,340,850.916365
76.347778,414,851.249245
54.989576,340,851.542938
73.167662,352,851.84801
26.103189,396,852.172328
59.894322,341,852.474776
69.078887,414,852.811224
68.039323,340,853.113662
41.380135,431,853.449643
59.147484,340,853.745303
64.064423,414,854.078034
62.205778,340,854.376149
78.131743,340,854.68189
71.544321,414,857.716709
66.631835,396,858.057139
42.133552,340,858.36116
43.526156,359,858.669491
22.958869,414,858.995923
68.38838,340,859.292365
60.208758,340,859.595278
70.80431,416,859.925435
57.826093,419,860.256693
70.463774,340,860.55185
60.221958,340,860.854097
34.874019,414,861.183606
69.793614,414,861.510864
49.068172,414,861.83961
-72.470825,730,862.280389
75.75863,340,862.556818
45.541011,353,862.854129
67.116718,409,863.179649
88.329869,355,863.480152
80.43153,414,863.808135
74.920481,340,866.754396
56.993161,424,867.137704
47.559413,414,867.473531
38.889771,414,867.797082
36.271812,414,868.117911
74.965683,353,868.412005
63.455312,426,868.739798
63.173175,396,869.058069
57.158782,414,869.381554
69.857326,414,869.701918
90.494801,340,870.000065
51.731534,426,870.336669
50.6529,414,870.672587
69.071603,414,870.998006
46.537667,396,871.312903
66.141949,416,871.641017
50.958253,340,871.931192
88.875458,353,872.234623
52.032298,414,872.565322
62.158335,414,872.901954
48.712155,340,873.202394
59.987691,340,876.183432
83.792756,340,876.510397
3.49901,414,876.849634
51.272851,340,877.142366
55.905119,396,877.468877
46.609333,414,877.796358
53.456947,414,878.126136
39.079027,414,878.460286
33.162731,414,878.780826
74.582486,414,879.108773
80.103778,340,879.400822
23.753819,426,879.732159
61.092554,396,880.048512
73.282582,353,880.351207
49.238993,414,880.680839
56.646872,341,880.98128
15.04287,414,881.315618
52.071011,352,881.615574
60.187113,414,881.9433
29.971472,414,882.269499
66.469221,359,882.571459
78.622325,352,885.562935
64.686094,409,885.91188
49.671165,414,886.242716
95.09869,414,886.568558
64.612584,422,886.897313
71.841951,396,887.212259
42.56574,340,887.508188
60.749149,426,887.844036
73.932997,414,888.165923
60.68427,340,888.462306
66.035023,414,888.792491
60.047297,452,889.132063
48.705729,414,889.455903
78.101452,414,889.777002
36.818367,414,890.103762
59.78663,340,890.40437
75.58636,352,890.708343
66.90732,414,891.044148
21.192611,414,891.369061
43.683669,414,891.692071
44.378109,396,894.695431
72.6901,414,895.063552
66.142523,414,895.391558
-149.495498,2700,896.465221
40.685376,396,896.735913
36.985205,414,897.031671
51.073475,409,897.324161
63.38953,414,897.624218
69.856963,340,897.8968
60.615518,414,898.205912
60.045167,340,898.499795
40.29754,414,898.837808
71.085957,340,899.140899
43.060166,414,899.475942
65.833069,414,899.812876
54.259889,414,902.802702
61.540385,396,903.145209
94.484474,340,903.446775
58.462933,340,903.743415
69.972034,340,904.04362
81.865461,414,904.375948
46.496374,414,904.705401
28.272765,414,905.028541
28.874967,414,905.35626
62.538978,414,905.680573
79.885314,396,906.00071
58.080115,414,906.327461
49.922151,414,906.655408
49.553199,414,906.982587
24.633502,414,907.304626
71.413846,414,907.632831
66.832436,341,907.933229
62.757543,414,908.2651
33.388837,426,908.601923
77.465245,340,908.896377
40.505398,414,911.915527
81.562572,414,912.291008
85.61279,414,912.625346
87.213189,340,912.923999
73.757723,340,913.225274
56.23748,396,913.546721
72.91904,340,913.84465
90.669627,414,914.175424
72.544528,340,914.466498
51.879514,414,914.796586
68.464805,396,915.119354
59.210054,340,915.415186
49.648683,414,915.745874
46.653072,340,916.043758
76.175019,396,916.372458
64.561071,414,916.700979
50.919378,414,917.028276
70.497916,396,917.354486
80.083882,396,917.677609
32.713012,396,917.997222
77.106674,340,918.299865
87.078094,341,921.322605
63.897914,340,921.673729
59.39779,340,921.987274
48.501564,355,922.296446
75.971515,340,922.595457
78.319055,414,922.924778
44.190221,416,923.249647
73.185522,340,923.54788
-148.046175,1881,924.365556
57.755088,340,924.610004
52.293765,414,924.910821
70.861706,340,925.183875
60.32667,340,925.483402
70.791752,426,925.817648
64.753748,355,926.121794
79.292329,355,926.429561
64.906883,414,926.766092
86.876387,414,927.093507
52.504582,414,930.081327
75.684828,414,930.450683
56.764461,396,930.776758
48.374343,414,931.101827
54.626839,414,931.426986
62.12528,416,931.750261
64.277241,341,932.047266
27.725844,414,932.372158
64.049579,396,932.690343
85.237043,340,932.989975
50.115965,355,933.295789
63.506132,340,933.594177
75.448954,414,933.926435
77.021358,414,934.255167
12.292132,414,934.586052
82.613638,414,934.910622
63.005397,340,935.202289
53.104383,396,935.525072
42.233329,414,935.84995
66.876748,340,936.145871
59.856763,414,936.477011
62.657378,414,939.503158
79.063566,340,939.817595
69.178168,340,940.126649
47.895185,416,940.462177
52.102957,352,940.757429
-185.174806,2160,941.677373
59.001118,414,941.955208
74.042077,359,942.229701
33.659482,414,942.536763
74.99356,414,942.838084
42.003003,340,943.121399
86.959465,414,943.449975
38.013057,426,943.780271
62.839995,414,944.107385
47.04313,340,944.409899
58.939063,414,944.74575
40.437866,340,947.664389
55.341435,340,948.005242
53.604809,426,948.357486
52.895023,340,948.656764
79.460453,340,948.954295
57.719017,340,949.252735
64.148438,414,949.58423
29.95081,414,949.905723
46.958434,409,950.22956
26.746928,426,950.560689
55.791213,340,950.852616
36.739688,414,951.182606
28.51177,414,951.508555
82.657728,396,951.825407
86.854718,353,952.125663
48.316976,340,952.429686
58.249488,414,952.760935
75.864174,396,953.080978
54.609786,414,953.408698
58.362405,426,953.739173
66.283616,414,954.065951
49.79803,340,957.055745
35.696591,414,957.422838
23.923065,414,957.758038
63.963018,396,958.075308
77.953845,340,958.377425
74.486717,340,958.676111
64.31197,359,958.981854
53.508891,414,959.310224
28.817047,414,959.634845
63.172044,414,959.954997
93.033153,414,960.28255
47.321435,414,960.602585
59.148006,414,960.926596
83.440658,396,961.247101
81.572042,340,961.543043
45.277906,426,961.875312
48.156717,416,962.203297
35.458954,340,962.49474
76.540225,340,962.795156
75.251786,414,963.12721
42.572234,414,963.45041
72.187358,415,966.442795
62.637054,340,966.763403
57.932945,414,967.094176
62.532103,414,967.428217
92.89519,340,967.722925
75.073479,424,968.054887
78.897882,340,968.346542
37.359309,340,968.645524
80.332143,353,968.949397
56.620208,414,969.276032
60.664836,426,969.60682
64.751568,340,969.899737
41.284531,414,970.228375
59.293473,414,970.559451
52.873146,340,970.853788
88.963965,396,971.175113
69.324964,396,971.497591
70.386533,414,971.822533
55.399335,340,972.115911
73.559261,414,972.449704
54.132021,414,972.77865
67.514151,414,975.777368
72.889285,352,976.108473
62.55311,414,976.445054
20.097945,414,976.771515
74.448092,340,977.06927
34.959098,414,977.395596
87.127976,340,977.688149
73.131679,414,978.01895
77.027308,340,978.319899
63.353914,355,978.623662
14.470364,359,978.933615
87.032237,414,979.265119
70.150333,341,979.563129
77.688977,340,979.864176
62.985681,340,980.161323
65.247465,414,980.494716
61.992263,414,980.81931
49.154219,340,981.116957
66.819386,414,981.448606
76.472076,355,981.745697
88.169694,340,982.047864
73.338189,414,982.377772
71.068345,414,985.400502
57.134253,340,985.703465
42.957558,396,986.029768
45.42251,340,986.32516
87.605005,340,986.623973
65.919754,340,986.928463
62.182593,414,987.259194
55.08597,414,987.583576
89.831011,340,987.876176
54.999148,414,988.208914
43.241687,414,988.535203
47.441542,340,988.830153
83.388981,395,989.156227
58.111314,414,989.48885
27.280931,414,989.816386
93.333387,340,990.111695
51.770127,340,990.413474
59.741959,396,990.740094
39.428568,340,991.041406
61.703842,414,991.372463
84.965123,341,991.668357
