#{"t_start": 1762026536.480345, "env_id": "None"}
r,l,t
39.7,340,0.629908
19.092857,1508,1.197338
-18.8,762,1.546717
28.257143,423,1.793003
21.014286,416,2.040205
40.4,340,2.264945
6.95,1945,2.982637
13.9,1278,3.477212
38.85,2335,7.10962
-6.714286,1661,7.735456
-29.5,944,8.143369
-15.65,1909,8.830432
17.6,340,9.062332
7.314286,2248,12.658872
41.3,340,12.89846
55.585714,2700,13.804503
22.9,414,14.051135
0.264286,1676,14.665202
41.7,340,14.894023
-17.5,1666,15.494802
-29.2,1200,18.532679
40.0,414,18.78384
22.4,414,19.032777
21.7,2132,19.777879
70.878571,2700,20.69351
29.2,414,20.946283
6.9,1360,21.463454
-5.5,1801,24.610861
-14.35,763,24.96085
-19.5,628,25.276289
20.2,340,25.504066
10.1,414,25.754137
35.1,340,25.982026
-8.492857,1718,26.605956
-9.15,905,26.995572
38.4,340,27.224663
-19.7,1404,30.377649
-8.514286,1861,31.05562
35.5,340,31.291989
36.4,340,31.524096
34.985714,2700,32.433609
31.0,414,32.689593
21.1,414,32.946135
30.0,340,33.174521
-8.3,1424,36.334802
31.685714,442,36.603792
-5.65,2006,37.315411
-7.05,1499,37.871273
20.3,414,38.122139
-23.45,1235,38.609212
80.857143,2700,41.958315
3.85,1789,42.609505
22.985714,423,42.863669
23.271429,2608,43.753012
8.085714,2060,44.479491
-18.35,883,44.860015
-14.95,817,47.744035
42.0,340,47.975444
15.771429,1478,48.530217
38.5,414,48.783718
31.3,414,49.033987
30.7,340,49.262251
26.8,414,49.512645
22.8,414,49.761819
-17.892857,2345,50.572559
42.121429,423,50.826709
14.292857,1637,54.034958
41.392857,425,54.288005
34.0,340,54.517464
20.7,414,54.768601
31.4,414,55.016145
34.4,340,55.24507
38.3,414,55.495557
26.264286,2190,56.257682
51.4,2700,59.695644
37.742857,2700,60.621375
-27.05,803,60.982805
-40.7,528,61.270693
-15.7,780,61.625517
-1.35,983,62.034142
-1.75,1961,62.738432
40.6,414,65.480946
-19.75,1143,65.959197
13.0,1690,66.569359
-15.628571,2304,67.367551
32.7,414,67.617674
0.8,1608,68.206166
-13.7,812,68.572738
-2.7,1417,71.629984
-17.1,898,72.022877
38.3,414,72.273105
-17.75,1009,72.732488
40.2,340,72.986094
37.3,340,73.227685
30.0,414,73.49496
34.8,340,73.742679
29.0,340,73.992799
25.4,340,74.243473
32.4,340,74.494486
22.0,414,74.772705
26.0,414,75.046874
39.5,340,75.301198
24.9,414,75.577602
41.1,340,75.816346
23.1,340,79.020598
32.2,340,79.282688
35.4,340,79.545067
-24.1,850,79.934922
29.3,414,80.185647
27.8,414,80.451221
26.2,414,80.721652
18.7,340,80.960868
19.164286,1411,81.498972
25.8,414,81.762432
16.5,340,81.991636
32.3,414,82.253747
36.8,340,82.500597
42.0,340,82.755716
33.8,414,83.033443
39.6,340,83.274078
33.6,340,83.517483
40.5,340,86.806993
39.5,340,87.065221
26.4,414,87.333958
38.2,340,87.591248
42.2,414,87.870623
19.1,340,88.111268
30.1,340,88.353173
37.0,340,88.610826
29.6,414,88.894874
-22.314286,1005,89.324043
29.264286,417,89.590744
26.3,414,89.868014
37.4,414,90.148711
8.864286,2080,90.889035
29.2,340,91.116345
20.2,414,91.378924
18.9,340,94.61576
31.8,340,94.863847
19.9,414,95.11625
37.3,340,95.34518
13.178571,1339,95.865595
28.4,340,96.107066
40.2,414,96.36687
42.0,340,96.612187
9.221429,2013,97.336258
28.0,414,97.585361
24.3,414,97.834807
40.1,340,98.07966
68.885714,2700,101.815468
66.442857,2700,102.719023
42.0,340,102.949835
20.5,340,103.178304
21.1,340,103.404728
34.3,340,103.633701
21.2,340,103.878055
29.0,414,104.14683
27.3,414,104.407766
18.9,414,104.672845
34.4,340,104.909043
37.4,340,105.140843
15.1,340,108.228694
19.2,340,108.477857
20.7,414,108.731356
42.0,340,108.961616
40.671429,410,109.231162
22.8,414,109.492711
34.2,340,109.720234
36.4,340,109.960534
38.4,414,110.242597
28.2,340,110.49768
12.5,340,110.737026
25.7,414,110.986957
22.7,340,111.231372
26.3,414,111.491789
26.6,414,111.755207
40.7,414,112.029726
41.4,340,112.269343
22.571429,424,112.534247
34.8,340,112.771687
28.6,340,113.016279
25.0,414,113.301014
19.3,414,116.922229
41.7,340,117.203279
39.1,340,117.469593
20.4,340,117.722317
27.4,340,117.970403
39.1,414,118.237346
24.5,414,118.504145
18.8,414,118.782132
42.0,340,119.039479
24.5,340,119.301858
38.5,414,119.59267
25.6,414,119.853344
19.4,414,120.119543
34.2,414,120.38016
38.5,340,120.610082
36.8,414,120.860509
28.3,340,121.102209
31.9,414,121.380718
37.9,340,121.638504
27.5,414,121.903598
19.7,414,122.150917
41.6,340,122.394017
30.0,340,125.932804
34.4,340,126.182886
42.0,340,126.432397
22.5,340,126.697264
21.2,340,126.945818
40.8,414,127.196633
42.0,340,127.440316
31.6,340,127.701562
30.7,414,127.986161
22.9,414,128.247935
27.4,414,128.498714
-4.9,974,128.91647
40.9,340,129.16763
42.0,340,129.426025
97.042857,2700,133.344207
42.0,340,133.62025
32.8,414,133.887488
18.8,340,134.131765
39.8,340,134.376285
-0.585714,1417,134.912056
87.064286,2700,135.814807
22.121429,425,136.085061
35.5,414,136.35803
21.6,340,136.612713
32.9,414,136.894075
-6.85,1063,140.240838
100.271429,2700,141.174678
-10.7,906,141.564777
40.3,340,141.807908
25.5,340,142.045043
17.5,340,142.287355
29.8,340,142.548905
18.5,414,142.81294
32.1,340,143.055514
33.8,414,143.337118
18.0,414,143.619396
27.6,340,143.861192
27.3,414,144.110356
11.4,414,144.362201
27.0,340,147.579838
31.1,340,147.829765
26.1,414,148.080002
41.8,340,148.326541
36.5,414,148.595378
16.8,414,148.847301
38.3,340,149.089382
42.0,340,149.346829
42.0,340,149.607304
42.0,340,149.868608
14.0,340,150.110065
42.0,340,150.359114
40.9,340,150.618437
42.3,414,150.891066
23.3,414,151.143824
-31.9,792,151.503333
42.0,340,151.731394
39.5,340,151.962766
26.0,414,152.226572
29.0,340,152.4936
22.7,340,152.750227
12.9,1500,156.628196
42.0,340,156.881202
34.1,340,157.152658
38.7,414,157.444251
42.0,340,157.688357
42.0,340,157.935425
21.6,414,158.198956
42.0,340,158.443574
25.5,340,158.703596
41.7,340,158.970194
-14.2,1032,159.413794
37.0,340,159.6585
38.8,340,159.903293
34.7,340,160.132731
19.5,414,160.401596
39.0,340,160.658421
22.5,414,160.921977
29.7,340,164.293802
92.892857,2700,165.248391
23.9,340,165.475473
20.5,414,165.742384
17.385714,1918,166.435182
22.007143,430,166.709803
20.8,414,166.986821
42.8,414,167.267462
25.4,414,167.550799
14.1,340,167.810668
36.4,340,168.06407
24.7,414,171.270961
40.9,414,171.583417
38.7,414,171.84306
29.9,340,172.074777
31.8,414,172.322182
35.3,340,172.550946
37.8,414,172.820333
42.0,340,173.060044
36.7,340,173.289001
34.0,340,173.516935
30.1,340,173.746453
36.1,340,173.989526
37.6,414,174.251206
34.9,340,174.494941
28.8,414,174.780091
27.6,414,175.061707
42.0,340,175.305259
23.0,414,175.558002
37.95,1937,179.41223
44.3,414,179.688673
39.064286,417,179.942258
25.5,340,180.173039
26.4,414,180.441217
22.0,414,180.706192
20.6,414,181.022769
31.0,414,181.303107
25.0,340,181.561669
30.0,414,181.846057
34.285714,2249,182.632083
43.0,414,182.902361
44.642857,412,183.181299
19.8,414,183.466025
41.0,414,183.749973
34.485714,448,187.139114
-28.671429,1319,187.677369
-26.8,1480,188.232873
30.4,414,188.503838
40.4,414,188.764749
20.4,1672,189.379537
36.9,340,189.610179
20.314286,418,189.877165
33.3,340,190.130894
24.0,414,190.417695
16.2,414,190.677129
42.0,340,190.921351
-0.15,1059,194.328628
33.4,414,194.58592
27.7,340,194.817864
26.4,414,195.06553
17.4,340,195.310653
36.0,340,195.568236
-17.685714,1797,196.231995
13.1,414,196.484227
26.3,340,196.713568
30.557143,421,196.978204
16.7,414,197.257714
15.7,414,197.516232
41.7,340,197.745937
36.0,414,198.010349
39.5,414,198.294349
23.7,414,198.557456
64.235714,2700,202.628015
33.3,340,202.877546
41.5,340,203.148076
24.214286,423,203.439938
42.0,340,203.683118
42.0,340,203.910847
23.8,340,204.138305
40.4,340,204.367107
25.0,414,204.618759
9.3,340,204.847354
31.3,340,205.07445
42.0,340,205.316214
31.3,340,205.573194
32.3,340,205.83847
41.3,340,206.084032
20.6,340,206.326829
41.8,340,206.57631
26.3,414,210.01939
42.0,340,210.271955
32.0,414,210.543967
23.5,414,210.829773
33.8,414,211.092141
35.4,414,211.361085
41.6,340,211.628621
21.7,340,211.874809
25.7,414,212.126371
42.0,340,212.369997
29.8,340,212.616885
25.9,414,212.870586
18.5,414,213.139947
38.1,340,213.382549
36.5,340,213.617712
7.271429,1875,214.340712
41.9,340,214.574945
38.2,2146,219.21616
28.8,414,219.488174
42.0,340,219.734827
32.714286,423,220.030381
29.0,340,220.277882
27.9,340,220.531408
27.1,414,220.827434
16.8,340,221.092874
23.4,340,221.364436
40.1,340,221.63411
-27.25,1243,222.133788
41.6,340,222.36494
30.6,340,222.608643
27.6,414,222.899003
22.4,340,223.160188
46.735714,443,226.69698
37.628571,2147,227.488641
39.3,414,227.762491
21.8,414,228.050155
26.664286,426,228.321457
37.7,414,228.605961
40.0,414,228.878954
40.1,340,229.122366
26.4,414,229.3867
41.8,340,229.635328
24.2,414,229.925332
25.1,414,230.235883
32.4,340,230.502609
26.0,414,230.799341
22.8,340,231.046718
40.0,340,231.294
11.9,414,234.820101
3.064286,1393,235.411892
25.2,414,235.683467
34.9,414,235.947671
25.5,414,236.217471
21.2,414,236.483144
42.0,340,236.713411
36.7,340,236.942207
33.8,2691,237.841666
50.75,2601,241.569488
25.8,340,241.827528
26.6,414,242.120423
10.1,340,242.365735
31.7,340,242.612122
21.2,340,242.85453
31.3,340,243.098282
13.221429,1691,243.741393
26.9,340,243.987612
35.8,414,244.274887
22.5,340,244.514681
49.442857,443,244.79413
22.3,414,245.076276
31.6,414,245.336964
38.371429,424,245.590723
24.9,414,245.842047
35.7,340,249.245198
43.192857,442,249.541
42.0,340,249.774188
27.5,340,250.022953
20.55,1513,250.604462
28.0,414,250.877381
29.3,340,251.127836
32.3,414,251.403652
39.4,340,251.647663
19.4,414,251.897472
39.2,340,252.127869
30.5,340,252.356012
37.8,340,252.587519
34.7,414,252.852683
26.4,414,253.11498
29.7,340,253.366352
23.6,340,253.610649
30.135714,443,253.885598
28.7,2360,258.033235
30.2,414,258.287711
31.657143,425,258.571884
42.0,340,258.84209
42.0,340,259.116194
17.2,414,259.415406
34.9,340,259.687219
25.471429,2156,260.462668
19.6,414,260.733727
22.6,340,260.974586
21.264286,2497,264.784404
42.0,340,265.034247
33.9,414,265.328979
0.9,340,265.594863
63.985714,2700,266.531202
25.3,340,266.758934
35.1,414,267.011063
25.3,414,267.276989
38.5,340,267.515993
34.2,340,267.763632
40.4,340,268.013024
33.0,340,268.261791
37.9,340,271.519425
20.3,414,271.829221
41.4,414,272.099231
42.0,340,272.327329
37.857143,2700,273.236809
43.0,414,273.50658
42.0,340,273.748245
42.0,340,273.997201
33.8,414,274.283796
-2.9,1018,274.716789
46.9,444,274.973962
32.1,414,275.24365
41.7,340,275.485534
36.6,340,278.709891
23.7,414,279.031521
25.985714,418,279.317794
93.242857,2700,280.263561
16.9,414,280.534092
29.8,340,280.773898
30.1,414,281.027924
40.907143,424,281.283248
35.3,340,281.526365
34.3,414,281.812488
9.3,340,282.072263
35.6,340,282.324952
29.8,414,282.595588
21.4,340,282.853906
29.0,414,283.121828
39.557143,343,283.353466
28.5,340,286.688352
23.2,414,286.970434
33.4,414,287.248673
22.8,414,287.534168
41.5,340,287.800087
42.0,340,288.049668
24.5,414,288.32204
32.292857,444,288.592172
38.057143,433,288.852154
24.114286,2700,289.767369
36.9,340,290.012117
36.6,414,290.281564
29.4,340,290.526652
25.1,414,290.790694
25.8,340,291.035583
40.242857,461,294.494436
62.792857,2700,295.425251
33.3,414,295.693952
33.7,340,295.935718
9.7,340,296.181457
44.085714,423,296.447682
39.0,414,296.719288
35.2,340,296.982368
20.2,414,297.274939
37.9,414,297.569553
32.8,414,297.832727
31.9,340,298.062633
37.457143,421,298.333486
28.907143,414,298.617945
22.821429,425,302.054047
25.9,340,302.32079
40.0,414,302.602915
32.592857,442,302.90401
41.7,340,303.173632
19.192857,427,303.479261
33.2,414,303.752281
29.7,340,303.9946
35.8,340,304.250284
42.0,340,304.507134
41.0,340,304.761421
34.6,340,305.011622
28.2,414,305.283249
35.8,414,305.545078
42.0,340,305.774083
42.1,414,306.022656
38.8,414,306.290409
39.8,340,306.540521
21.764286,417,306.790465
41.3,414,307.042936
40.3,414,307.312211
34.6,340,310.910001
23.664286,426,311.22723
22.8,414,311.519263
20.4,414,311.813151
42.0,340,312.061242
29.1,414,312.336384
40.1,340,312.605338
14.8,414,312.900991
27.0,414,313.195834
30.3,340,313.457673
24.0,414,313.731898
-12.921429,1318,314.244028
26.2,340,314.4913
30.9,340,314.7553
19.764286,414,315.026873
34.5,340,315.257942
-25.8,916,315.651022
41.6,340,315.881677
36.8,340,319.426411
35.3,340,319.714346
39.0,340,319.988044
42.592857,439,320.2958
69.085714,2700,321.225563
42.0,340,321.477036
22.8,414,321.747459
22.6,414,322.023671
36.171429,478,322.31498
24.7,414,322.566136
38.7,340,322.808733
39.7,340,323.074257
32.671429,378,323.33372
39.321429,423,323.6098
44.3,414,323.898493
35.1,414,327.353994
34.7,340,327.604591
42.0,340,327.836171
27.9,340,328.068392
29.735714,409,328.342963
35.3,414,328.614317
19.714286,413,328.887655
21.0,414,329.15731
36.5,340,329.386093
10.6,340,329.634735
40.5,414,329.898598
42.0,340,330.125368
30.4,414,330.396525
-2.75,1003,330.82851
26.0,414,331.094485
39.6,340,331.35725
41.0,414,331.650816
18.3,340,331.900164
38.421429,425,332.180366
21.1,340,335.838713
40.3,414,336.169151
14.8,340,336.418089
17.8,340,336.672361
30.1,340,336.923065
32.7,340,337.157263
-3.107143,2159,337.919351
35.9,414,338.191002
30.2,414,338.479108
42.0,340,338.724633
43.192857,446,339.010153
31.5,414,339.300155
15.5,414,339.585033
43.05,453,339.888911
40.2,414,340.175473
31.3,340,340.423196
32.085714,419,340.697277
32.7,414,344.215555
34.8,340,344.480258
39.2,414,344.762988
21.8,414,345.050855
35.0,340,345.299224
41.6,340,345.52592
41.2,340,345.771369
18.2,340,346.015209
27.6,340,346.263786
40.7,414,346.554416
40.2,340,346.802914
35.3,414,347.0759
17.664286,2230,347.85835
10.3,414,348.109688
22.1,414,348.359295
39.2,340,348.603708
-51.85,1501,352.452202
22.1,414,352.701594
35.1,414,352.950749
42.0,340,353.200646
41.6,340,353.471776
41.7,414,353.739189
30.8,340,353.986199
42.0,340,354.259514
23.114286,416,354.553645
15.4,414,354.833295
31.271429,424,355.112036
38.4,414,355.403639
29.7,414,355.690294
15.3,340,355.936029
35.178571,428,356.191509
42.0,340,356.437416
41.221429,425,356.704869
31.5,340,356.931735
32.114286,450,360.524619
18.1,340,360.820485
25.457143,425,361.13012
31.5,414,361.428291
40.1,340,361.686246
34.9,340,361.937884
16.314286,420,362.209797
39.0,340,362.459228
18.1,414,362.737373
-17.1,884,363.121253
24.6,340,363.349575
32.5,340,363.579615
31.1,414,363.851084
42.0,340,364.094667
26.8,340,364.322106
13.6,414,364.587969
19.0,414,364.875212
41.5,414,365.163441
27.2,414,365.422105
32.785714,444,365.686468
30.3,414,369.334008
8.4,414,369.618944
42.0,340,369.870018
13.3,414,370.170948
37.707143,1975,370.908507
29.4,340,371.156179
21.542857,452,371.436853
38.7,414,371.686965
26.257143,424,371.9579
-11.535714,1774,372.61278
32.65,435,372.87133
28.1,340,373.1164
34.2,414,373.37924
42.0,340,376.672019
23.6,414,376.991003
29.8,414,377.286965
22.0,414,377.55406
42.0,340,377.802255
36.3,340,378.072033
23.6,414,378.371642
42.0,340,378.612272
21.2,340,378.870318
22.6,414,379.144058
25.9,340,379.37712
42.0,340,379.626254
41.9,340,379.895036
38.7,444,380.197436
18.0,340,380.437138
27.3,414,380.68771
25.0,414,380.960342
18.9,414,381.225108
18.0,414,381.497291
42.0,340,381.768102
29.4,414,382.060658
22.2,414,385.801508
25.7,340,386.093422
25.4,414,386.366144
42.0,340,386.598074
42.7,414,386.873066
33.1,414,387.16508
40.135714,423,387.438318
42.1,414,387.713331
15.942857,452,387.991307
20.0,419,388.265979
36.9,414,388.561264
27.7,414,388.823722
15.9,414,389.074019
23.5,414,389.343339
30.8,340,389.585801
22.564286,417,389.859606
41.7,340,390.110339
37.4,414,390.382857
40.464286,420,390.672111
21.1,340,390.915225
42.0,340,391.146262
34.1,340,394.763903
37.1,340,395.02743
24.2,340,395.284524
19.8,340,395.535597
75.085714,1833,396.198501
38.8,340,396.443896
42.0,340,396.709781
28.3,414,397.005079
22.1,340,397.260115
18.7,414,397.532462
42.0,340,397.793773
24.578571,424,398.095898
35.9,340,398.345102
42.0,340,398.573853
41.7,340,398.802973
36.5,340,399.029768
38.4,414,399.280326
38.9,414,399.534068
24.7,340,403.127017
30.8,414,403.412407
112.4,2700,404.334446
25.0,340,404.56453
20.6,2026,405.279274
10.8,414,405.559318
25.4,414,405.894301
22.0,414,406.174763
36.7,340,406.468315
42.0,340,406.751474
32.5,340,407.025163
13.0,340,410.4813
27.7,414,410.845272
33.3,414,411.123598
42.0,414,411.399933
28.0,340,411.671819
11.4,340,411.922027
23.9,340,412.181822
30.1,340,412.461304
15.807143,438,412.7411
27.8,414,412.999957
16.1,414,413.288568
42.0,340,413.530823
42.0,340,413.760268
42.0,340,413.99031
42.0,340,414.218647
21.157143,415,414.467173
41.0,340,414.700314
20.5,340,414.95
16.2,340,415.212003
40.4,414,415.506959
-29.95,1429,419.572815
13.3,340,419.820389
42.0,340,420.054202
37.4,414,420.327985
41.5,340,420.593746
20.1,340,420.840995
42.0,340,421.067409
28.0,340,421.31572
30.542857,427,421.613024
26.9,340,421.861685
45.292857,446,422.145954
42.0,340,422.413804
26.585714,457,422.730669
31.5,340,422.991364
39.464286,2132,423.772307
15.7,414,424.03953
30.0,414,427.522307
28.7,414,427.810676
38.9,340,428.037521
39.5,340,428.263655
24.0,414,428.53231
30.9,414,428.811426
27.3,340,429.048208
16.8,340,429.299328
25.7,414,429.597927
25.6,340,429.863178
-7.65,1107,430.333956
41.2,340,430.562809
15.7,414,430.833767
-18.05,829,431.227898
25.035714,445,431.512394
38.792857,448,431.794259
29.1,340,432.03839
-10.25,935,435.696451
25.0,414,435.977918
22.6,340,436.230862
33.5,340,436.476333
30.1,414,436.728127
26.5,414,436.979764
5.3,414,437.231038
42.0,340,437.461347
23.35,2099,438.192141
35.7,340,438.438538
21.2,414,438.72937
-7.3,942,439.137446
28.7,1586,442.772128
28.8,340,443.055226
31.0,340,443.334362
34.6,340,443.595002
42.0,340,443.82733
14.4,414,444.097893
40.1,340,444.345058
25.714286,423,444.619075
31.9,340,444.859108
22.8,414,445.134332
42.0,340,445.401478
23.9,414,445.679862
16.7,414,445.960224
42.0,340,446.226298
42.0,340,446.480251
42.0,340,446.709763
37.664286,423,446.98561
110.271429,2700,451.178841
42.0,340,451.4394
42.0,340,451.696319
42.0,340,451.926579
13.4,414,452.205302
27.971429,2270,453.0155
38.9,340,453.258896
35.5,340,453.522939
41.3,340,453.795239
20.5,414,454.095203
-4.05,1557,454.7054
42.0,340,454.951711
32.7,414,458.420159
28.957143,427,458.721309
1.4,1104,459.179915
17.4,340,459.408839
40.0,340,459.667084
21.0,414,459.964842
21.8,414,460.235591
29.4,414,460.511832
42.0,340,460.775368
42.0,340,461.024023
41.6,414,461.30255
42.0,414,461.592737
42.0,340,461.848113
-30.25,833,462.22058
39.2,340,462.474768
37.742857,445,462.778486
25.3,340,463.021152
31.5,414,463.297498
33.1,414,466.904165
28.4,414,467.193258
38.6,340,467.447186
18.5,1506,468.050844
-12.15,837,468.433263
42.0,340,468.687123
42.6,414,468.95894
34.2,340,469.206238
30.1,340,469.453459
-1.7,2700,470.368544
41.2,414,470.618601
21.3,340,473.85286
34.235714,457,474.185377
24.8,414,474.447618
27.8,414,474.701847
42.0,340,474.931985
41.8,340,475.163401
40.4,340,475.40785
34.0,340,475.673074
30.4,340,475.950905
31.3,340,476.202985
89.392857,2700,477.12649
20.6,414,477.378025
42.6,414,477.628772
37.8,340,477.858535
34.5,340,478.10218
18.4,414,478.393705
38.9,340,481.824373
11.55,1395,482.399803
42.0,340,482.647622
-31.8,1522,483.253037
28.7,414,483.529699
102.3,2700,484.454966
29.5,340,484.685457
42.7,414,484.953577
30.2,340,485.194657
33.3,414,485.464126
31.742857,2256,489.260633
-12.257143,2139,490.009751
40.371429,424,490.283231
24.4,340,490.541491
22.5,414,490.840663
42.0,340,491.111186
41.2,414,491.376453
42.0,340,491.624915
36.7,340,491.893361
41.9,414,492.1731
38.2,340,492.406292
6.4,414,495.639741
34.9,414,495.933035
23.7,414,496.211635
37.0,340,496.46843
32.0,414,496.742333
42.0,340,497.011252
41.3,340,497.256495
77.5,2700,498.177982
21.4,414,498.452695
42.0,340,498.719611
23.992857,428,499.016781
8.2,340,499.277248
21.9,340,499.52345
-34.9,860,499.899349
27.2,414,503.283583
34.2,340,503.575332
42.0,340,503.853403
42.0,340,504.116794
34.214286,2700,505.035746
39.2,340,505.264234
33.1,414,505.516644
20.2,414,505.78718
32.9,340,506.052459
42.9,414,506.34601
30.9,340,506.588076
43.492857,426,506.844226
23.5,414,507.096613
42.0,340,507.340093
21.8,414,507.635984
31.5,414,507.922718
42.0,340,511.460826
19.2,340,511.718773
21.0,340,511.949299
42.0,340,512.200725
40.2,340,512.470757
11.6,340,512.74636
24.0,414,513.0183
31.6,414,513.272491
24.7,340,513.504788
27.6,414,513.754236
29.2,414,514.002289
36.5,414,514.252814
9.814286,423,514.505445
28.9,414,514.771824
37.1,414,515.045931
12.0,414,515.298032
18.2,414,515.551889
39.9,340,515.798451
33.4,414,516.091352
26.6,414,516.364378
17.892857,426,516.642057
37.4,414,520.391694
37.5,340,520.667226
42.4,414,520.970237
16.664286,422,521.275382
42.0,340,521.548073
11.314286,423,521.856107
44.064286,424,522.153375
34.1,340,522.422553
22.1,414,522.705287
39.0,340,522.938166
25.5,414,523.188588
42.0,340,523.419236
28.0,414,523.668806
41.8,340,523.918604
17.0,414,524.194997
29.2,340,524.423164
31.3,340,524.667896
42.0,340,524.941156
40.7,340,525.211885
41.3,340,525.489499
42.0,340,525.736039
17.714286,423,529.46485
31.4,414,529.764548
12.7,414,530.0231
42.0,340,530.274778
39.7,340,530.557235
21.314286,416,530.838904
46.814286,452,531.128468
35.7,340,531.372328
40.2,340,531.618719
32.242857,424,531.918016
38.3,340,532.189881
24.3,340,532.436529
42.0,414,532.685153
42.0,340,532.914393
41.5,340,533.166651
45.135714,422,533.447607
29.0,414,533.703994
40.2,340,533.949528
40.4,340,534.193863
36.3,340,534.420407
41.2,340,534.647923
23.7,340,534.894586
41.4,340,538.634719
14.592857,426,538.959217
16.0,414,539.225654
34.5,340,539.477127
-22.65,623,539.817465
39.8,340,540.06838
15.5,414,540.368407
39.1,340,540.617311
42.192857,440,540.900171
32.307143,418,541.159464
35.5,340,541.410195
17.0,414,541.709858
31.9,340,541.976972
40.4,340,542.227881
42.0,340,542.459776
35.9,340,542.69407
14.4,414,542.966603
29.3,340,543.230399
41.9,414,543.521679
14.1,414,543.792762
34.2,414,544.04311
19.1,414,547.702849
27.907143,420,547.978784
25.8,414,548.261447
19.1,414,548.540708
39.2,340,548.775775
40.2,340,549.023723
33.4,414,549.297927
45.507143,433,549.578669
27.1,414,549.866605
26.05,2157,550.649044
31.05,453,550.937947
39.2,414,551.226052
42.0,340,551.500153
25.1,340,551.759265
39.5,340,552.007633
34.9,340,552.260504
7.071429,1856,556.230695
31.1,340,556.488161
33.7,340,556.760155
35.9,414,557.038159
13.6,340,557.294429
60.678571,2700,558.245571
41.6,340,558.476544
32.0,414,558.746731
21.7,414,559.03972
29.5,340,559.306837
42.0,340,559.564479
42.0,340,559.819744
24.1,414,563.182371
19.2,340,563.437466
41.15,428,563.722169
38.8,340,563.995856
32.1,414,564.296711
19.857143,423,564.600178
38.0,340,564.866124
25.1,340,565.137682
18.8,340,565.41463
43.1,414,565.694243
15.7,340,565.945272
40.9,340,566.223933
42.0,340,566.496672
29.3,414,566.798975
42.0,340,567.048266
40.4,340,567.276752
7.485714,1830,567.931162
40.4,340,568.159598
41.7,414,571.781612
35.2,414,572.069225
18.6,414,572.323178
15.3,414,572.602404
23.1,340,572.874478
42.0,340,573.129606
14.0,414,573.410787
18.3,414,573.685521
30.8,414,573.961842
37.4,340,574.212861
32.3,340,574.457066
25.9,340,574.726118
-33.45,777,575.113529
-5.0,946,575.514069
25.442857,410,575.764416
42.0,340,576.009471
36.7,340,576.257865
27.064286,417,576.532525
40.0,340,576.80127
21.1,414,580.488232
-20.257143,1093,580.961363
14.3,340,581.21764
9.6,414,581.517551
42.0,340,581.7941
31.471429,424,582.072722
23.3,414,582.350368
30.0,414,582.640119
45.942857,2700,583.58917
24.8,414,583.840129
20.814286,423,584.091181
38.2,340,584.339129
39.8,340,584.587983
35.5,340,587.889021
46.164286,427,588.209108
23.2,340,588.486223
10.2,414,588.78076
42.0,340,589.030292
34.6,340,589.265228
41.7,340,589.496495
21.7,340,589.726647
-40.9,1458,590.272873
26.8,340,590.519562
41.7,340,590.793949
43.0,414,591.098254
8.1,340,591.366682
42.0,340,591.62054
33.2,340,591.868213
20.45,416,592.146889
20.1,414,592.400335
107.928571,2700,596.578887
20.7,414,596.830396
13.9,414,597.079303
40.7,340,597.332015
24.9,340,597.60844
17.0,414,597.907764
29.9,414,598.202106
42.0,340,598.458711
26.4,414,598.733267
33.564286,426,599.03195
29.7,340,599.277451
23.557143,425,599.557799
27.9,414,599.823742
36.7,340,600.054331
19.5,414,600.302025
34.7,340,600.529141
27.3,340,600.779085
30.9,340,604.303217
36.8,340,604.597533
42.0,340,604.87455
42.0,340,605.133776
12.9,1384,605.665167
41.8,340,605.893475
10.0,414,606.162465
42.0,340,606.424001
-12.6,1676,607.066295
42.0,340,607.309883
20.442857,426,607.581238
3.742857,427,607.855974
42.0,340,608.099162
37.8,340,608.328912
-18.0,674,608.657994
27.278571,424,612.069351
19.2,414,612.387207
35.5,340,612.658029
16.442857,427,612.958248
42.0,340,613.226555
21.4,340,613.500504
28.2,340,613.778957
32.2,340,614.060067
42.0,340,614.337925
41.8,340,614.593047
-4.835714,2420,615.439747
38.6,414,615.711678
16.3,414,616.001852
27.0,340,616.26612
27.4,414,616.565226
40.9,340,616.812766
26.5,340,617.062408
34.1,340,620.620975
33.6,414,620.902242
42.0,340,621.152338
20.1,340,621.403637
33.3,414,621.655659
19.2,340,621.906945
10.8,340,622.179286
27.335714,424,622.462691
54.535714,2700,623.396059
35.3,340,623.626865
38.8,340,623.873762
24.6,414,624.137471
-13.9,960,624.547114
22.542857,441,627.883125
26.8,340,628.178849
15.5,340,628.435769
21.4,414,628.713479
28.171429,340,628.979337
41.0,340,629.232585
26.385714,427,629.511388
23.864286,424,629.792706
42.0,340,630.041576
29.1,414,630.339241
26.7,414,630.616241
28.1,414,630.896917
19.4,414,631.161801
23.0,340,631.390968
18.242857,1838,632.052224
31.514286,416,632.319949
20.964286,427,632.612957
19.1,414,632.904172
36.1,340,636.466693
16.7,414,636.745664
29.3,414,636.996662
2.764286,1840,637.668926
32.35,416,637.937604
25.7,414,638.225236
-12.75,941,638.648789
42.0,340,638.896374
12.1,414,639.16699
11.3,340,639.41221
22.9,414,639.712005
16.092857,426,639.978966
8.7,340,640.206511
15.1,414,640.477199
18.5,414,640.748195
36.7,340,644.197099
42.0,340,644.494382
32.3,340,644.771809
18.9,340,645.028776
55.721429,2349,645.83052
21.8,414,646.098412
34.1,414,646.392633
22.792857,426,646.69319
34.2,414,646.972171
35.1,340,647.203409
16.2,340,647.453717
23.3,414,647.726679
19.8,414,648.000615
38.3,340,648.24311
33.9,340,648.48777
19.6,414,648.7571
18.6,340,649.015095
10.6,1720,653.010269
1.25,1097,653.458914
23.6,414,653.736914
-18.05,639,654.068073
33.45,2115,654.804948
29.1,340,655.05456
27.1,414,655.345859
41.6,340,655.591354
28.0,414,655.843953
-23.4,918,659.131613
23.6,414,659.413485
29.121429,337,659.667274
28.6,414,659.970064
56.442857,2132,660.76993
32.4,414,661.019321
3.5,340,661.248164
31.0,414,661.516664
-12.15,1905,662.233475
25.1,340,662.480301
14.2,414,662.770303
21.8,414,663.030881
41.1,340,666.306688
36.4,340,666.602577
19.1,340,666.885884
29.6,340,667.171043
21.871429,412,667.441244
34.4,340,667.67008
40.6,340,667.899675
25.742857,427,668.178156
19.8,340,668.447565
-12.95,795,668.837996
18.1,414,669.112722
40.2,340,669.356971
26.6,340,669.606604
16.9,414,669.908059
36.9,340,670.150431
41.7,340,670.401275
23.5,340,670.659933
21.1,414,670.908825
23.7,340,671.159624
36.1,414,671.45538
42.0,340,671.701701
36.4,414,675.477831
35.371429,410,675.773009
15.5,414,676.059984
36.4,340,676.333681
39.6,340,676.613192
35.2,340,676.885736
22.5,340,677.160684
41.8,340,677.441505
36.7,414,677.74196
39.8,340,678.015579
36.0,414,678.312304
29.3,340,678.566822
23.0,340,678.814574
29.3,414,679.094213
19.857143,415,679.366922
14.028571,2124,680.141623
9.664286,424,680.417743
-12.7,1104,684.271665
5.3,414,684.552835
41.6,340,684.800344
23.6,414,685.077634
12.3,414,685.357885
35.5,340,685.590665
25.6,340,685.841061
20.7,414,686.132993
33.4,340,686.401573
19.5,414,686.699504
28.3,340,686.976943
16.3,340,687.263219
42.0,340,687.578203
40.4,414,687.900421
25.2,340,688.156529
22.0,340,688.42305
42.0,340,688.679243
35.7,340,688.93075
16.4,340,689.220032
33.1,340,689.495345
12.5,414,693.269872
41.4,340,693.547626
14.8,414,693.834998
41.4,340,694.106038
19.9,414,694.388982
59.171429,2700,695.317572
34.128571,436,695.574577
41.8,340,695.802751
19.3,340,696.050578
18.7,414,696.343743
14.7,340,696.613099
33.9,340,696.889512
36.6,340,697.161726
34.1,340,697.420778
30.3,414,697.675546
10.4,414,697.926279
31.3,414,701.524576
1.95,2383,702.374334
24.535714,1959,703.077529
-8.5,1486,703.636706
31.7,414,703.907817
11.385714,423,704.200058
25.3,340,704.47482
20.0,414,704.741162
36.007143,427,707.909951
29.9,340,708.211369
24.1,414,708.521565
16.707143,422,708.827385
33.1,340,709.08863
37.5,414,709.344494
18.8,340,709.593794
19.4,414,709.862525
41.0,340,710.114133
21.0,414,710.391967
41.2,340,710.625767
34.5,340,710.877599
36.7,340,711.143574
38.6,340,711.418985
27.7,340,711.693831
27.8,340,711.970254
14.5,414,712.284172
28.1,340,712.528171
22.3,414,712.802482
39.3,340,713.085285
15.35,418,713.36744
21.0,340,713.60254
26.9,340,717.544692
40.514286,489,717.906772
35.357143,445,718.223215
25.8,340,718.508131
22.6,340,718.803872
28.4,414,719.114308
30.6,414,719.418989
35.2,414,719.693253
21.8,414,719.960726
29.1,340,720.195862
18.0,340,720.449707
40.6,340,720.728074
41.8,340,721.01247
20.4,414,721.319461
41.5,340,721.575452
24.485714,406,721.829005
41.8,340,722.088299
16.4,340,722.358264
60.635714,2700,726.639383
14.8,414,726.909189
22.3,414,727.161535
24.7,414,727.434427
42.0,340,727.683175
-23.65,713,728.017786
43.664286,410,728.289836
21.8,414,728.585382
25.3,340,728.841986
41.1,340,729.104696
-23.0,902,729.523624
40.7,340,729.777129
31.307143,2590,733.825743
21.5,340,734.077702
40.2,340,734.339164
25.9,340,734.595329
41.5,340,734.847761
41.6,414,735.145801
24.7,340,735.414038
41.7,340,735.687565
34.4,340,735.946034
40.7,340,736.175343
35.9,414,736.427513
20.5,414,736.682658
41.8,340,736.913237
21.064286,415,737.184524
19.6,414,737.452134
32.3,414,737.699762
35.0,340,737.942337
13.7,414,738.213768
20.2,414,738.47161
35.2,340,738.70173
26.6,340,738.930686
41.678571,1965,743.058816
22.1,414,743.335319
41.4,340,743.58314
18.571429,1595,744.180375
22.3,340,744.427489
-7.85,1035,744.877672
34.2,340,745.121843
22.7,340,745.376909
58.485714,2700,749.282017
21.0,414,749.564844
42.564286,433,749.871269
95.4,2700,750.808451
20.15,1407,751.344931
-11.314286,1098,751.786711
23.9,414,752.036821
-11.314286,1716,755.483687
36.3,340,755.717205
31.3,340,755.949666
17.2,1500,756.523231
31.5,340,756.753816
33.3,414,757.025086
23.4,414,757.299853
42.1,414,757.571307
31.3,414,757.834361
15.9,340,758.061326
31.6,414,758.311515
24.7,414,758.565333
41.5,340,758.813966
42.035714,419,759.11418
21.1,414,759.407575
40.3,414,759.703806
34.3,340,763.219372
32.2,340,763.491179
22.6,340,763.728335
43.6,414,764.003455
54.2,2122,764.766978
41.6,414,765.017007
-2.842857,2367,765.831301
37.5,340,766.061638
33.9,414,766.311776
34.9,414,766.589191
31.764286,413,766.878988
35.7,340,767.145778
40.3,340,770.46258
32.6,414,770.765748
22.0,414,771.073586
38.6,340,771.336476
41.7,340,771.586956
13.571429,2018,772.330194
36.4,340,772.559634
28.5,340,772.80616
26.8,414,773.08308
32.3,414,773.360798
30.0,414,773.656633
43.907143,419,773.954175
42.0,340,774.202489
39.8,340,774.430962
41.6,340,774.681468
39.5,340,774.933716
8.3,414,775.186173
39.7,340,778.739075
29.95,2087,779.528499
36.0,340,779.784769
38.7,340,780.033452
19.3,414,780.284923
18.0,340,780.53551
24.5,414,780.836864
33.6,340,781.115372
25.4,340,781.368445
17.7,414,781.624321
18.757143,422,781.898314
17.5,414,782.165812
38.6,414,782.440926
42.1,414,782.732152
17.1,340,782.974579
31.4,340,783.204393
69.55,2700,787.438051
20.707143,419,787.712331
29.792857,426,788.009082
31.171429,2338,788.838324
31.8,414,789.115804
20.1,340,789.387409
19.2,340,789.66036
42.6,414,789.967652
36.6,340,790.238428
41.5,340,790.488434
35.064286,337,790.717066
29.5,414,794.041938
41.8,340,794.314952
33.9,414,794.594672
38.3,414,794.901713
20.5,340,795.174913
36.1,340,795.456096
5.8,414,795.760337
24.6,340,796.033765
28.9,340,796.293819
33.4,414,796.571087
5.3,414,796.872208
26.307143,394,797.158518
17.8,414,797.461389
38.9,414,797.765518
25.5,414,798.036426
13.8,414,798.308531
41.6,340,798.574438
-3.3,992,799.014206
27.921429,423,799.297421
37.9,414,803.032074
41.8,340,803.310724
42.0,340,803.579421
26.4,414,803.887309
40.7,340,804.158675
30.892857,430,804.467734
1.0,1432,805.042456
33.164286,423,805.300586
32.7,340,805.549524
14.1,414,805.84806
30.3,414,806.120708
23.421429,435,806.404517
42.0,340,806.644214
36.5,340,806.874904
34.214286,436,807.156919
30.6,340,807.407309
29.714286,416,807.69142
41.4,340,807.943389
22.0,340,808.177438
27.5,414,811.87194
19.314286,420,812.185105
42.0,340,812.433259
11.5,414,812.686162
33.578571,431,812.94329
34.3,340,813.190989
41.1,340,813.463445
41.3,340,813.738003
16.3,340,814.016603
7.1,1476,814.615347
16.6,414,814.892796
23.957143,428,815.187071
81.121429,2700,819.253045
22.8,414,819.554095
20.2,414,819.847618
38.2,340,820.127386
35.2,340,820.383835
-15.35,1073,820.823274
18.685714,417,821.095372
40.4,414,821.397239
20.0,414,821.69663
31.4,414,821.97518
17.1,414,822.254571
22.8,414,822.556025
36.2,414,822.829129
36.1,414,823.104617
41.4,340,823.386646
24.5,414,823.691501
39.1,414,823.992347
14.8,340,824.276411
21.3,340,824.557238
2.457143,2240,828.881254
18.8,340,829.114492
42.0,340,829.374947
34.5,340,829.657821
17.114286,423,829.967168
32.9,340,830.243547
20.3,414,830.5316
25.8,414,830.786747
37.6,340,831.036592
14.414286,1865,831.723219
5.264286,426,831.978674
29.1,414,832.231062
34.221429,411,835.55524
18.542857,2465,836.481531
17.1,414,836.731392
36.2,414,836.980917
25.6,414,837.231797
21.7,414,837.481966
23.214286,418,837.755547
24.0,414,838.024018
26.4,340,838.273575
31.6,414,838.568565
20.6,340,838.818208
12.35,1255,839.314411
-37.25,2029,843.212768
27.5,340,843.472343
26.2,340,843.733955
33.4,340,843.989599
13.4,340,844.260119
29.8,340,844.512934
31.7,340,844.740789
15.2,414,845.01126
17.6,340,845.261093
30.3,340,845.515033
30.678571,470,845.814207
30.8,340,846.054805
25.7,414,846.329955
6.9,1494,846.903917
7.242857,2398,850.915565
19.8,414,851.205636
27.3,414,851.473966
23.2,340,851.703671
32.7,340,851.953038
33.4,340,852.224568
20.3,414,852.529064
16.8,340,852.804394
25.992857,426,853.087335
-10.0,1304,853.60702
33.592857,423,853.868542
32.4,340,854.12642
26.8,340,854.398099
8.314286,426,854.689191
0.75,1209,858.46196
38.5,414,858.777764
36.0,340,859.06162
28.7,340,859.336385
-55.05,1629,859.986524
32.0,414,860.244737
6.45,1487,860.79006
35.7,340,861.023502
10.1,340,861.252452
28.2,414,861.499794
26.2,340,861.729651
44.821429,411,862.000096
29.1,414,862.290761
26.3,414,862.560352
26.7,414,862.837816
27.8,414,866.415481
41.8,414,866.697979
15.364286,426,866.95071
27.0,414,867.208298
26.2,414,867.457696
41.957143,419,867.737775
32.9,340,867.985403
35.907143,419,868.266029
33.3,414,868.5567
1.65,1383,869.109829
32.9,340,869.34021
20.8,340,869.587641
40.4,340,869.859435
13.6,414,870.160644
29.7,414,870.435271
36.4,414,870.686739
39.7,414,870.936624
23.7,414,874.517341
36.9,414,874.844828
42.0,340,875.118003
41.3,414,875.422733
41.6,340,875.69863
21.7,414,876.006852
24.8,414,876.31442
14.5,1693,876.957679
42.0,340,877.188006
29.771429,412,877.459857
31.5,340,877.701026
43.3,414,877.973526
40.9,340,878.242062
42.0,340,878.501931
41.7,414,878.758416
40.4,340,879.007566
16.392857,423,879.306939
37.1,340,879.556275
3.0,1188,883.381398
18.1,340,883.61327
35.714286,413,883.889727
42.0,340,884.16207
37.9,414,884.447156
12.6,340,884.706485
30.7,340,884.981528
16.2,340,885.258078
26.7,414,885.540006
12.4,340,885.787736
27.378571,474,886.11047
22.8,414,886.379826
5.7,414,886.650422
37.7,414,886.950289
53.771429,2255,887.772407
24.6,414,891.331926
33.9,414,891.617311
35.7,340,891.870355
36.1,414,892.157989
29.8,414,892.441141
8.957143,2066,893.18969
24.192857,2424,894.024901
29.964286,426,894.276223
28.714286,418,894.548018
23.792857,440,894.849698
19.1,340,895.114579
39.5,2700,899.118657
2.9,340,899.349541
22.1,340,899.602129
9.15,2021,900.348153
33.6,340,900.596283
34.1,340,900.868187
28.114286,416,901.137153
12.007143,340,901.386764
40.9,414,901.656045
10.2,414,901.907358
39.4,340,902.15671
26.4,414,905.494798
26.8,340,905.761305
42.0,340,906.016415
37.0,340,906.288052
10.0,414,906.596076
16.0,414,906.874823
31.8,340,907.126969
3.2,340,907.37913
27.707143,422,907.638876
41.1,340,907.867618
20.9,414,908.116199
17.7,340,908.366626
41.2,340,908.638143
37.1,340,908.894082
37.0,340,909.14464
42.0,340,909.399842
24.1,340,909.650094
38.7,414,909.945881
42.0,340,910.21691
27.764286,341,910.495304
41.7,340,910.748459
39.3,414,910.999255
-5.5,900,914.926936
24.2,340,915.16715
17.6,340,915.408781
41.4,340,915.661844
5.75,1519,916.256276
40.5,340,916.506505
29.4,414,916.770822
25.9,340,917.020511
15.5,340,917.269428
27.8,414,917.524982
28.292857,2142,918.283576
42.0,340,918.513017
26.5,414,918.786908
42.1,414,922.219189
34.6,414,922.525872
42.0,340,922.805281
-2.6,1868,923.508638
19.6,340,923.760261
42.0,340,924.01138
27.885714,412,924.26184
41.5,340,924.489963
31.6,340,924.720756
37.7,414,924.971093
14.0,414,925.222045
28.8,340,925.450055
42.0,340,925.677605
41.3,340,925.907563
17.4,340,926.157303
42.0,340,926.42287
22.0,340,926.665507
39.5,340,926.892755
36.4,2542,931.103329
15.6,414,931.354935
33.5,414,931.602725
11.9,414,931.855382
38.8,414,932.129311
-20.3,626,932.458391
18.4,340,932.685919
34.1,340,932.934503
26.5,414,933.209408
21.171429,424,933.461746
25.05,1821,934.110832
25.3,340,937.333122
21.464286,424,937.64809
23.957143,415,937.931554
32.0,414,938.186451
41.8,340,938.41168
64.9,2610,939.29298
33.4,340,939.548227
8.25,1203,940.038917
23.5,340,940.265395
24.5,414,940.517187
42.0,340,940.746649
23.6,414,940.995824
43.064286,2236,944.79952
42.0,340,945.037187
38.2,340,945.290551
40.3,340,945.561287
15.764286,424,945.841734
26.2,414,946.120407
24.9,414,946.383722
68.185714,2700,947.303472
31.9,340,947.552005
0.2,414,947.845329
37.6,414,948.105975
23.5,414,951.370066
39.7,340,951.667778
28.2,340,951.949076
41.2,414,952.233509
30.257143,420,952.484386
33.4,414,952.75626
37.6,414,953.055779
42.0,340,953.332152
35.5,340,953.578063
-6.55,1237,954.080813
22.4,414,954.353713
24.9,340,954.596309
-3.3,1264,955.094778
16.957143,422,955.344221
31.4,414,955.613121
18.5,414,955.87919
24.7,340,956.106576
